id_pedido,data_pedido,nome_cliente,email_cliente,data_cadastro_cliente,estado_civil_cliente,genero_cliente,nome_produto,categoria_produto,subcategoria_produto,fabricante_produto,valor_venda,quantidade_venda,custo_produto
1,2024-09-01,129,Allana Moreira,brendamarques@example.net,2023-12-21,Viúvo,M,9,SSD 1TB,Armazenamento,SSD,Kingston,621.1
2,2023-11-07,110,Amanda da Cunha,fogacaemanuella@example.org,2023-06-04,Casado,F,10,Impressora Laser,Impressoras,Laser,HP,1563.86
3,2024-04-25,102,Guilherme Novais,santosbeatriz@example.net,2024-04-03,Casado,F,6,Teclado Mecânico,Periféricos,Teclado,Razer,1484.7
4,2024-10-15,113,Emanuel Camargo,kevin95@example.net,2024-05-29,Viúvo,F,2,Smartphone X,Smartphones,Android,Samsung,2836.42
5,2025-01-22,113,Emanuel Camargo,kevin95@example.net,2024-05-29,Viúvo,F,4,Monitor 27 4K,Periféricos,Monitor,LG,4467.03
6,2024-12-17,127,Hellena Brito,theocosta@example.com,2024-09-01,Casado,F,5,Mouse Gamer,Periféricos,Mouse,Logitech,143.78
7,2025-05-09,116,Henry Machado,salesmaria-flor@example.net,2025-02-10,Viúvo,M,7,Cadeira Gamer,Móveis,Cadeira,DXRacer,4022.8
8,2025-05-13,106,Apollo da Cunha,larissa12@example.org,2025-03-18,Solteiro,F,6,Teclado Mecânico,Periféricos,Teclado,Razer,441.85
9,2025-12-29,104,Gael Henrique da Cruz,ferreiralais@example.org,2025-01-19,Divorciado,F,1,Notebook Pro 15,Computadores,Notebook,Dell,5942.6
10,2025-07-13,111,Lívia Azevedo,lorenacunha@example.org,2025-05-26,Divorciado,F,7,Cadeira Gamer,Móveis,Cadeira,DXRacer,1970.79
11,2023-09-01,115,Enzo Marques,ogomes@example.com,2023-08-10,Casado,F,8,Headset Pro,Áudio,Headset,HyperX,399.49
12,2024-08-04,117,Srta. Maitê Barbosa,vieiratheo@example.com,2024-07-09,Viúvo,F,6,Teclado Mecânico,Periféricos,Teclado,Razer,1423.44
13,2024-12-16,117,Srta. Maitê Barbosa,vieiratheo@example.com,2024-07-09,Viúvo,F,10,Impressora Laser,Impressoras,Laser,HP,2592.06
14,2025-10-10,116,Henry Machado,salesmaria-flor@example.net,2025-02-10,Viúvo,M,5,Mouse Gamer,Periféricos,Mouse,Logitech,163.96
15,2024-10-23,117,Srta. Maitê Barbosa,vieiratheo@example.com,2024-07-09,Viúvo,F,4,Monitor 27 4K,Periféricos,Monitor,LG,5203.65
16,2025-10-27,114,Mariana Azevedo,lopesana-carolina@example.net,2025-01-03,Solteiro,M,10,Impressora Laser,Impressoras,Laser,HP,1534.92
17,2025-01-23,107,Augusto Siqueira,cardosojoao-pedro@example.org,2024-07-22,Solteiro,F,4,Monitor 27 4K,Periféricos,Monitor,LG,4917.75
18,2024-10-29,129,Allana Moreira,brendamarques@example.net,2023-12-21,Viúvo,M,9,SSD 1TB,Armazenamento,SSD,Kingston,1225.46
19,2026-01-25,120,Ana Liz Duarte,dantenunes@example.net,2026-01-01,Casado,F,6,Teclado Mecânico,Periféricos,Teclado,Razer,939.04
20,2025-11-30,104,Gael Henrique da Cruz,ferreiralais@example.org,2025-01-19,Divorciado,F,9,SSD 1TB,Armazenamento,SSD,Kingston,563.07
21,2025-12-08,111,Lívia Azevedo,lorenacunha@example.org,2025-05-26,Divorciado,F,6,Teclado Mecânico,Periféricos,Teclado,Razer,1539.24
22,2026-02-26,101,Murilo Leão,marcelo69@example.org,2024-08-12,Divorciado,F,10,Impressora Laser,Impressoras,Laser,HP,4729.2
23,2025-07-19,109,Natália Machado,alice98@example.net,2025-06-12,Divorciado,M,7,Cadeira Gamer,Móveis,Cadeira,DXRacer,6687.9
24,2025-07-11,104,Gael Henrique da Cruz,ferreiralais@example.org,2025-01-19,Divorciado,F,7,Cadeira Gamer,Móveis,Cadeira,DXRacer,3692.24
25,2025-11-18,122,Josué Moraes,mendesana-cecilia@example.org,2025-05-31,Divorciado,M,4,Monitor 27 4K,Periféricos,Monitor,LG,5243.34
26,2026-02-25,120,Ana Liz Duarte,dantenunes@example.net,2026-01-01,Casado,F,10,Impressora Laser,Impressoras,Laser,HP,1590.07
27,2023-11-28,110,Amanda da Cunha,fogacaemanuella@example.org,2023-06-04,Casado,F,6,Teclado Mecânico,Periféricos,Teclado,Razer,1459.44
28,2025-05-16,107,Augusto Siqueira,cardosojoao-pedro@example.org,2024-07-22,Solteiro,F,6,Teclado Mecânico,Periféricos,Teclado,Razer,1729.83
29,2026-02-20,125,Srta. Maria Vitória Cardoso,antoniomoreira@example.com,2025-08-28,Viúvo,F,7,Cadeira Gamer,Móveis,Cadeira,DXRacer,5907.84
30,2026-02-10,106,Apollo da Cunha,larissa12@example.org,2025-03-18,Solteiro,F,2,Smartphone X,Smartphones,Android,Samsung,7494.39
31,2026-03-02,126,Renan Monteiro,maria-fernanda02@example.net,2026-02-25,Solteiro,M,6,Teclado Mecânico,Periféricos,Teclado,Razer,1732.89
32,2025-01-17,129,Allana Moreira,brendamarques@example.net,2023-12-21,Viúvo,M,4,Monitor 27 4K,Periféricos,Monitor,LG,1574.07
33,2026-02-25,126,Renan Monteiro,maria-fernanda02@example.net,2026-02-25,Solteiro,M,5,Mouse Gamer,Periféricos,Mouse,Logitech,347.42
34,2026-02-06,116,Henry Machado,salesmaria-flor@example.net,2025-02-10,Viúvo,M,4,Monitor 27 4K,Periféricos,Monitor,LG,1414.11
35,2024-07-31,108,Hadassa Caldeira,allanaaparecida@example.org,2024-01-08,Solteiro,M,4,Monitor 27 4K,Periféricos,Monitor,LG,1322.76
36,2025-06-19,129,Allana Moreira,brendamarques@example.net,2023-12-21,Viúvo,M,8,Headset Pro,Áudio,Headset,HyperX,669.54
37,2024-03-22,115,Enzo Marques,ogomes@example.com,2023-08-10,Casado,F,1,Notebook Pro 15,Computadores,Notebook,Dell,5357.05
38,2025-10-18,125,Srta. Maria Vitória Cardoso,antoniomoreira@example.com,2025-08-28,Viúvo,F,5,Mouse Gamer,Periféricos,Mouse,Logitech,316.06
39,2026-01-04,122,Josué Moraes,mendesana-cecilia@example.org,2025-05-31,Divorciado,M,10,Impressora Laser,Impressoras,Laser,HP,4314.72
40,2026-01-22,104,Gael Henrique da Cruz,ferreiralais@example.org,2025-01-19,Divorciado,F,4,Monitor 27 4K,Periféricos,Monitor,LG,3373.78
41,2025-10-06,110,Amanda da Cunha,fogacaemanuella@example.org,2023-06-04,Casado,F,2,Smartphone X,Smartphones,Android,Samsung,4658.04
42,2024-04-12,103,Bianca Camargo,ncosta@example.org,2023-07-08,Solteiro,M,3,Tablet Plus,Tablets,Tablet,Apple,7439.34
43,2025-12-30,123,Pedro Miguel Câmara,alicia44@example.org,2025-12-17,Casado,M,2,Smartphone X,Smartphones,Android,Samsung,7989.45
44,2026-02-03,108,Hadassa Caldeira,allanaaparecida@example.org,2024-01-08,Solteiro,M,4,Monitor 27 4K,Periféricos,Monitor,LG,1449.27
45,2025-09-09,109,Natália Machado,alice98@example.net,2025-06-12,Divorciado,M,1,Notebook Pro 15,Computadores,Notebook,Dell,12450.24
46,2024-02-29,119,Dante Jesus,lizmartins@example.net,2023-10-04,Casado,M,10,Impressora Laser,Impressoras,Laser,HP,2970.26
47,2025-06-10,113,Emanuel Camargo,kevin95@example.net,2024-05-29,Viúvo,F,5,Mouse Gamer,Periféricos,Mouse,Logitech,319.16
48,2025-12-23,105,Francisco Silva,renanmarques@example.org,2025-11-18,Solteiro,M,8,Headset Pro,Áudio,Headset,HyperX,1022.19
49,2026-02-13,120,Ana Liz Duarte,dantenunes@example.net,2026-01-01,Casado,F,5,Mouse Gamer,Periféricos,Mouse,Logitech,486.39
50,2026-01-23,123,Pedro Miguel Câmara,alicia44@example.org,2025-12-17,Casado,M,9,SSD 1TB,Armazenamento,SSD,Kingston,1629.48
51,2025-11-28,104,Gael Henrique da Cruz,ferreiralais@example.org,2025-01-19,Divorciado,F,9,SSD 1TB,Armazenamento,SSD,Kingston,1326.2
52,2026-01-23,125,Srta. Maria Vitória Cardoso,antoniomoreira@example.com,2025-08-28,Viúvo,F,10,Impressora Laser,Impressoras,Laser,HP,4418.61
53,2026-02-04,105,Francisco Silva,renanmarques@example.org,2025-11-18,Solteiro,M,10,Impressora Laser,Impressoras,Laser,HP,3294.26
54,2026-01-05,122,Josué Moraes,mendesana-cecilia@example.org,2025-05-31,Divorciado,M,7,Cadeira Gamer,Móveis,Cadeira,DXRacer,1752.74
55,2026-01-09,108,Hadassa Caldeira,allanaaparecida@example.org,2024-01-08,Solteiro,M,4,Monitor 27 4K,Periféricos,Monitor,LG,2867.6
56,2023-11-27,115,Enzo Marques,ogomes@example.com,2023-08-10,Casado,F,6,Teclado Mecânico,Periféricos,Teclado,Razer,481.02
57,2025-09-30,119,Dante Jesus,lizmartins@example.net,2023-10-04,Casado,M,9,SSD 1TB,Armazenamento,SSD,Kingston,1744.83
58,2025-03-09,129,Allana Moreira,brendamarques@example.net,2023-12-21,Viúvo,M,1,Notebook Pro 15,Computadores,Notebook,Dell,16689.18
59,2024-04-29,108,Hadassa Caldeira,allanaaparecida@example.org,2024-01-08,Solteiro,M,6,Teclado Mecânico,Periféricos,Teclado,Razer,534.95
60,2025-04-13,118,Sr. Gustavo Garcia,estersiqueira@example.net,2024-04-05,Viúvo,F,7,Cadeira Gamer,Móveis,Cadeira,DXRacer,2145.16
61,2025-12-05,110,Amanda da Cunha,fogacaemanuella@example.org,2023-06-04,Casado,F,6,Teclado Mecânico,Periféricos,Teclado,Razer,540.12
62,2026-02-04,125,Srta. Maria Vitória Cardoso,antoniomoreira@example.com,2025-08-28,Viúvo,F,1,Notebook Pro 15,Computadores,Notebook,Dell,18385.98
63,2024-01-24,103,Bianca Camargo,ncosta@example.org,2023-07-08,Solteiro,M,1,Notebook Pro 15,Computadores,Notebook,Dell,15941.07
64,2026-02-22,128,Sr. Otávio Camargo,vitoria58@example.net,2025-12-20,Viúvo,F,2,Smartphone X,Smartphones,Android,Samsung,5416.2
65,2026-02-05,120,Ana Liz Duarte,dantenunes@example.net,2026-01-01,Casado,F,9,SSD 1TB,Armazenamento,SSD,Kingston,1231.7
66,2025-09-01,116,Henry Machado,salesmaria-flor@example.net,2025-02-10,Viúvo,M,7,Cadeira Gamer,Móveis,Cadeira,DXRacer,1927.29
67,2026-01-13,106,Apollo da Cunha,larissa12@example.org,2025-03-18,Solteiro,F,10,Impressora Laser,Impressoras,Laser,HP,1324.38
68,2024-11-27,130,Agatha Cavalcante,camargofernanda@example.net,2023-07-18,Divorciado,M,2,Smartphone X,Smartphones,Android,Samsung,7660.11
69,2023-10-15,110,Amanda da Cunha,fogacaemanuella@example.org,2023-06-04,Casado,F,9,SSD 1TB,Armazenamento,SSD,Kingston,1201.28
70,2025-11-10,106,Apollo da Cunha,larissa12@example.org,2025-03-18,Solteiro,F,2,Smartphone X,Smartphones,Android,Samsung,4811.54
71,2023-07-23,121,Luiz Fernando Alves,juliana61@example.com,2023-07-13,Viúvo,M,8,Headset Pro,Áudio,Headset,HyperX,823.9
72,2024-02-11,121,Luiz Fernando Alves,juliana61@example.com,2023-07-13,Viúvo,M,4,Monitor 27 4K,Periféricos,Monitor,LG,3089.22
73,2025-03-11,103,Bianca Camargo,ncosta@example.org,2023-07-08,Solteiro,M,2,Smartphone X,Smartphones,Android,Samsung,6940.35
74,2024-05-04,108,Hadassa Caldeira,allanaaparecida@example.org,2024-01-08,Solteiro,M,6,Teclado Mecânico,Periféricos,Teclado,Razer,476.75
75,2026-02-28,128,Sr. Otávio Camargo,vitoria58@example.net,2025-12-20,Viúvo,F,1,Notebook Pro 15,Computadores,Notebook,Dell,11729.54
76,2026-01-26,120,Ana Liz Duarte,dantenunes@example.net,2026-01-01,Casado,F,5,Mouse Gamer,Periféricos,Mouse,Logitech,158.74
77,2026-01-10,120,Ana Liz Duarte,dantenunes@example.net,2026-01-01,Casado,F,10,Impressora Laser,Impressoras,Laser,HP,3020.78
78,2025-12-18,123,Pedro Miguel Câmara,alicia44@example.org,2025-12-17,Casado,M,4,Monitor 27 4K,Periféricos,Monitor,LG,1359.67
79,2025-09-13,114,Mariana Azevedo,lopesana-carolina@example.net,2025-01-03,Solteiro,M,3,Tablet Plus,Tablets,Tablet,Apple,9926.76
80,2025-08-24,110,Amanda da Cunha,fogacaemanuella@example.org,2023-06-04,Casado,F,9,SSD 1TB,Armazenamento,SSD,Kingston,1790.46
81,2025-09-19,109,Natália Machado,alice98@example.net,2025-06-12,Divorciado,M,6,Teclado Mecânico,Periféricos,Teclado,Razer,1564.2
82,2026-01-04,105,Francisco Silva,renanmarques@example.org,2025-11-18,Solteiro,M,10,Impressora Laser,Impressoras,Laser,HP,1548.36
83,2025-07-06,102,Guilherme Novais,santosbeatriz@example.net,2024-04-03,Casado,F,6,Teclado Mecânico,Periféricos,Teclado,Razer,495.16
84,2026-02-19,120,Ana Liz Duarte,dantenunes@example.net,2026-01-01,Casado,F,8,Headset Pro,Áudio,Headset,HyperX,375.56
85,2025-06-17,122,Josué Moraes,mendesana-cecilia@example.org,2025-05-31,Divorciado,M,5,Mouse Gamer,Periféricos,Mouse,Logitech,325.48
86,2025-12-20,114,Mariana Azevedo,lopesana-carolina@example.net,2025-01-03,Solteiro,M,10,Impressora Laser,Impressoras,Laser,HP,3915.51
87,2025-05-10,130,Agatha Cavalcante,camargofernanda@example.net,2023-07-18,Divorciado,M,1,Notebook Pro 15,Computadores,Notebook,Dell,13998.81
88,2024-02-23,112,Antony Costa,rezendekevin@example.org,2024-01-08,Viúvo,M,7,Cadeira Gamer,Móveis,Cadeira,DXRacer,2121.15
89,2025-06-11,117,Srta. Maitê Barbosa,vieiratheo@example.com,2024-07-09,Viúvo,F,7,Cadeira Gamer,Móveis,Cadeira,DXRacer,5657.52
90,2024-05-18,121,Luiz Fernando Alves,juliana61@example.com,2023-07-13,Viúvo,M,10,Impressora Laser,Impressoras,Laser,HP,2928.76
91,2025-02-19,124,Maitê Viana,vianajulia@example.org,2024-08-21,Viúvo,M,5,Mouse Gamer,Periféricos,Mouse,Logitech,343.04
92,2025-05-24,106,Apollo da Cunha,larissa12@example.org,2025-03-18,Solteiro,F,9,SSD 1TB,Armazenamento,SSD,Kingston,649.86
93,2026-01-18,128,Sr. Otávio Camargo,vitoria58@example.net,2025-12-20,Viúvo,F,7,Cadeira Gamer,Móveis,Cadeira,DXRacer,1656.08
94,2025-04-13,118,Sr. Gustavo Garcia,estersiqueira@example.net,2024-04-05,Viúvo,F,6,Teclado Mecânico,Periféricos,Teclado,Razer,1792.47
95,2024-11-23,103,Bianca Camargo,ncosta@example.org,2023-07-08,Solteiro,M,1,Notebook Pro 15,Computadores,Notebook,Dell,10388.76
96,2024-09-28,118,Sr. Gustavo Garcia,estersiqueira@example.net,2024-04-05,Viúvo,F,2,Smartphone X,Smartphones,Android,Samsung,8793.81
97,2025-05-23,101,Murilo Leão,marcelo69@example.org,2024-08-12,Divorciado,F,7,Cadeira Gamer,Móveis,Cadeira,DXRacer,6478.29
98,2024-07-28,107,Augusto Siqueira,cardosojoao-pedro@example.org,2024-07-22,Solteiro,F,2,Smartphone X,Smartphones,Android,Samsung,5768.32
99,2025-05-13,108,Hadassa Caldeira,allanaaparecida@example.org,2024-01-08,Solteiro,M,1,Notebook Pro 15,Computadores,Notebook,Dell,5468.38
100,2025-09-30,116,Henry Machado,salesmaria-flor@example.net,2025-02-10,Viúvo,M,4,Monitor 27 4K,Periféricos,Monitor,LG,1445.5
101,2026-01-17,120,Ana Liz Duarte,dantenunes@example.net,2026-01-01,Casado,F,5,Mouse Gamer,Periféricos,Mouse,Logitech,425.94
102,2025-12-09,105,Francisco Silva,renanmarques@example.org,2025-11-18,Solteiro,M,3,Tablet Plus,Tablets,Tablet,Apple,11742.18
103,2024-04-08,118,Sr. Gustavo Garcia,estersiqueira@example.net,2024-04-05,Viúvo,F,1,Notebook Pro 15,Computadores,Notebook,Dell,5460.95
104,2025-01-09,121,Luiz Fernando Alves,juliana61@example.com,2023-07-13,Viúvo,M,3,Tablet Plus,Tablets,Tablet,Apple,12856.62
105,2025-06-01,127,Hellena Brito,theocosta@example.com,2024-09-01,Casado,F,1,Notebook Pro 15,Computadores,Notebook,Dell,5389.9
106,2024-06-18,115,Enzo Marques,ogomes@example.com,2023-08-10,Casado,F,4,Monitor 27 4K,Periféricos,Monitor,LG,3418.08
107,2025-01-28,127,Hellena Brito,theocosta@example.com,2024-09-01,Casado,F,4,Monitor 27 4K,Periféricos,Monitor,LG,3576.04
108,2026-02-27,120,Ana Liz Duarte,dantenunes@example.net,2026-01-01,Casado,F,7,Cadeira Gamer,Móveis,Cadeira,DXRacer,1876.22
109,2026-01-13,122,Josué Moraes,mendesana-cecilia@example.org,2025-05-31,Divorciado,M,9,SSD 1TB,Armazenamento,SSD,Kingston,666.85
110,2026-02-25,126,Renan Monteiro,maria-fernanda02@example.net,2026-02-25,Solteiro,M,7,Cadeira Gamer,Móveis,Cadeira,DXRacer,1808.57
111,2026-02-04,123,Pedro Miguel Câmara,alicia44@example.org,2025-12-17,Casado,M,9,SSD 1TB,Armazenamento,SSD,Kingston,661.83
112,2026-01-21,105,Francisco Silva,renanmarques@example.org,2025-11-18,Solteiro,M,3,Tablet Plus,Tablets,Tablet,Apple,8619.38
113,2025-04-13,114,Mariana Azevedo,lopesana-carolina@example.net,2025-01-03,Solteiro,M,3,Tablet Plus,Tablets,Tablet,Apple,8733.32
114,2025-12-01,117,Srta. Maitê Barbosa,vieiratheo@example.com,2024-07-09,Viúvo,F,9,SSD 1TB,Armazenamento,SSD,Kingston,501.35
115,2024-05-12,129,Allana Moreira,brendamarques@example.net,2023-12-21,Viúvo,M,9,SSD 1TB,Armazenamento,SSD,Kingston,1145.7
116,2025-12-19,110,Amanda da Cunha,fogacaemanuella@example.org,2023-06-04,Casado,F,4,Monitor 27 4K,Periféricos,Monitor,LG,5052.99
117,2025-06-09,127,Hellena Brito,theocosta@example.com,2024-09-01,Casado,F,10,Impressora Laser,Impressoras,Laser,HP,4161.75
118,2025-07-31,107,Augusto Siqueira,cardosojoao-pedro@example.org,2024-07-22,Solteiro,F,4,Monitor 27 4K,Periféricos,Monitor,LG,5128.02
119,2025-10-23,106,Apollo da Cunha,larissa12@example.org,2025-03-18,Solteiro,F,10,Impressora Laser,Impressoras,Laser,HP,3954.69
120,2026-01-01,104,Gael Henrique da Cruz,ferreiralais@example.org,2025-01-19,Divorciado,F,4,Monitor 27 4K,Periféricos,Monitor,LG,4511.37
121,2025-08-29,115,Enzo Marques,ogomes@example.com,2023-08-10,Casado,F,3,Tablet Plus,Tablets,Tablet,Apple,3321.72
122,2025-04-26,104,Gael Henrique da Cruz,ferreiralais@example.org,2025-01-19,Divorciado,F,1,Notebook Pro 15,Computadores,Notebook,Dell,6044.14
123,2026-02-19,105,Francisco Silva,renanmarques@example.org,2025-11-18,Solteiro,M,5,Mouse Gamer,Periféricos,Mouse,Logitech,307.1
124,2025-01-05,121,Luiz Fernando Alves,juliana61@example.com,2023-07-13,Viúvo,M,10,Impressora Laser,Impressoras,Laser,HP,2938.42
125,2025-08-02,102,Guilherme Novais,santosbeatriz@example.net,2024-04-03,Casado,F,10,Impressora Laser,Impressoras,Laser,HP,3061.12
126,2025-07-31,117,Srta. Maitê Barbosa,vieiratheo@example.com,2024-07-09,Viúvo,F,7,Cadeira Gamer,Móveis,Cadeira,DXRacer,1812.62
127,2025-03-22,127,Hellena Brito,theocosta@example.com,2024-09-01,Casado,F,9,SSD 1TB,Armazenamento,SSD,Kingston,597.19
128,2025-12-15,130,Agatha Cavalcante,camargofernanda@example.net,2023-07-18,Divorciado,M,4,Monitor 27 4K,Periféricos,Monitor,LG,1653.19
129,2026-02-09,106,Apollo da Cunha,larissa12@example.org,2025-03-18,Solteiro,F,2,Smartphone X,Smartphones,Android,Samsung,2864.26
130,2025-08-24,129,Allana Moreira,brendamarques@example.net,2023-12-21,Viúvo,M,7,Cadeira Gamer,Móveis,Cadeira,DXRacer,5707.41
131,2024-10-15,112,Antony Costa,rezendekevin@example.org,2024-01-08,Viúvo,M,9,SSD 1TB,Armazenamento,SSD,Kingston,1625.55
132,2025-04-06,127,Hellena Brito,theocosta@example.com,2024-09-01,Casado,F,3,Tablet Plus,Tablets,Tablet,Apple,6745.12
133,2025-05-22,104,Gael Henrique da Cruz,ferreiralais@example.org,2025-01-19,Divorciado,F,2,Smartphone X,Smartphones,Android,Samsung,2857.94
134,2025-11-24,127,Hellena Brito,theocosta@example.com,2024-09-01,Casado,F,2,Smartphone X,Smartphones,Android,Samsung,2462.76
135,2026-02-01,128,Sr. Otávio Camargo,vitoria58@example.net,2025-12-20,Viúvo,F,8,Headset Pro,Áudio,Headset,HyperX,770.68
136,2025-06-07,106,Apollo da Cunha,larissa12@example.org,2025-03-18,Solteiro,F,7,Cadeira Gamer,Móveis,Cadeira,DXRacer,5685.72
137,2025-11-30,111,Lívia Azevedo,lorenacunha@example.org,2025-05-26,Divorciado,F,3,Tablet Plus,Tablets,Tablet,Apple,7501.54
138,2026-02-18,120,Ana Liz Duarte,dantenunes@example.net,2026-01-01,Casado,F,5,Mouse Gamer,Periféricos,Mouse,Logitech,466.77
139,2024-10-26,113,Emanuel Camargo,kevin95@example.net,2024-05-29,Viúvo,F,3,Tablet Plus,Tablets,Tablet,Apple,3314.48
140,2025-02-12,130,Agatha Cavalcante,camargofernanda@example.net,2023-07-18,Divorciado,M,9,SSD 1TB,Armazenamento,SSD,Kingston,1275.82
141,2024-04-14,129,Allana Moreira,brendamarques@example.net,2023-12-21,Viúvo,M,8,Headset Pro,Áudio,Headset,HyperX,992.97
142,2023-11-07,103,Bianca Camargo,ncosta@example.org,2023-07-08,Solteiro,M,7,Cadeira Gamer,Móveis,Cadeira,DXRacer,3948.02
143,2025-10-28,101,Murilo Leão,marcelo69@example.org,2024-08-12,Divorciado,F,1,Notebook Pro 15,Computadores,Notebook,Dell,9520.14
144,2025-06-17,111,Lívia Azevedo,lorenacunha@example.org,2025-05-26,Divorciado,F,5,Mouse Gamer,Periféricos,Mouse,Logitech,312.44
145,2025-03-15,115,Enzo Marques,ogomes@example.com,2023-08-10,Casado,F,10,Impressora Laser,Impressoras,Laser,HP,1292.57
146,2025-07-05,108,Hadassa Caldeira,allanaaparecida@example.org,2024-01-08,Solteiro,M,3,Tablet Plus,Tablets,Tablet,Apple,6654.52
147,2023-08-25,121,Luiz Fernando Alves,juliana61@example.com,2023-07-13,Viúvo,M,5,Mouse Gamer,Periféricos,Mouse,Logitech,296.1
148,2025-06-01,104,Gael Henrique da Cruz,ferreiralais@example.org,2025-01-19,Divorciado,F,3,Tablet Plus,Tablets,Tablet,Apple,11069.19
149,2025-08-01,101,Murilo Leão,marcelo69@example.org,2024-08-12,Divorciado,F,3,Tablet Plus,Tablets,Tablet,Apple,7080.68
150,2024-07-02,112,Antony Costa,rezendekevin@example.org,2024-01-08,Viúvo,M,2,Smartphone X,Smartphones,Android,Samsung,4702.68
151,2025-03-30,129,Allana Moreira,brendamarques@example.net,2023-12-21,Viúvo,M,5,Mouse Gamer,Periféricos,Mouse,Logitech,450.96
152,2025-09-10,122,Josué Moraes,mendesana-cecilia@example.org,2025-05-31,Divorciado,M,6,Teclado Mecânico,Periféricos,Teclado,Razer,506.75
153,2026-01-10,113,Emanuel Camargo,kevin95@example.net,2024-05-29,Viúvo,F,4,Monitor 27 4K,Periféricos,Monitor,LG,3483.84
154,2025-12-03,125,Srta. Maria Vitória Cardoso,antoniomoreira@example.com,2025-08-28,Viúvo,F,1,Notebook Pro 15,Computadores,Notebook,Dell,14471.07
155,2023-10-13,130,Agatha Cavalcante,camargofernanda@example.net,2023-07-18,Divorciado,M,3,Tablet Plus,Tablets,Tablet,Apple,4349.11
156,2026-03-01,126,Renan Monteiro,maria-fernanda02@example.net,2026-02-25,Solteiro,M,10,Impressora Laser,Impressoras,Laser,HP,1584.19
157,2024-12-20,110,Amanda da Cunha,fogacaemanuella@example.org,2023-06-04,Casado,F,6,Teclado Mecânico,Periféricos,Teclado,Razer,1766.67
158,2024-10-06,107,Augusto Siqueira,cardosojoao-pedro@example.org,2024-07-22,Solteiro,F,3,Tablet Plus,Tablets,Tablet,Apple,6761.5
159,2025-01-04,129,Allana Moreira,brendamarques@example.net,2023-12-21,Viúvo,M,4,Monitor 27 4K,Periféricos,Monitor,LG,2675.02
160,2024-05-16,119,Dante Jesus,lizmartins@example.net,2023-10-04,Casado,M,10,Impressora Laser,Impressoras,Laser,HP,1304.23
161,2024-01-03,121,Luiz Fernando Alves,juliana61@example.com,2023-07-13,Viúvo,M,8,Headset Pro,Áudio,Headset,HyperX,819.18
162,2025-03-10,130,Agatha Cavalcante,camargofernanda@example.net,2023-07-18,Divorciado,M,10,Impressora Laser,Impressoras,Laser,HP,4407.27
163,2025-06-14,109,Natália Machado,alice98@example.net,2025-06-12,Divorciado,M,9,SSD 1TB,Armazenamento,SSD,Kingston,569.63
164,2026-01-23,128,Sr. Otávio Camargo,vitoria58@example.net,2025-12-20,Viúvo,F,8,Headset Pro,Áudio,Headset,HyperX,816.46
165,2024-08-18,118,Sr. Gustavo Garcia,estersiqueira@example.net,2024-04-05,Viúvo,F,7,Cadeira Gamer,Móveis,Cadeira,DXRacer,1851.63
166,2026-01-11,123,Pedro Miguel Câmara,alicia44@example.org,2025-12-17,Casado,M,3,Tablet Plus,Tablets,Tablet,Apple,10309.71
167,2023-12-06,119,Dante Jesus,lizmartins@example.net,2023-10-04,Casado,M,3,Tablet Plus,Tablets,Tablet,Apple,12779.94
168,2025-12-30,105,Francisco Silva,renanmarques@example.org,2025-11-18,Solteiro,M,3,Tablet Plus,Tablets,Tablet,Apple,3945.77
169,2025-09-15,109,Natália Machado,alice98@example.net,2025-06-12,Divorciado,M,9,SSD 1TB,Armazenamento,SSD,Kingston,1860.48
170,2023-09-02,110,Amanda da Cunha,fogacaemanuella@example.org,2023-06-04,Casado,F,2,Smartphone X,Smartphones,Android,Samsung,5503.94
171,2026-01-03,123,Pedro Miguel Câmara,alicia44@example.org,2025-12-17,Casado,M,9,SSD 1TB,Armazenamento,SSD,Kingston,598.13
172,2025-09-02,104,Gael Henrique da Cruz,ferreiralais@example.org,2025-01-19,Divorciado,F,6,Teclado Mecânico,Periféricos,Teclado,Razer,518.31
173,2025-12-17,107,Augusto Siqueira,cardosojoao-pedro@example.org,2024-07-22,Solteiro,F,8,Headset Pro,Áudio,Headset,HyperX,1035.93
174,2024-11-27,113,Emanuel Camargo,kevin95@example.net,2024-05-29,Viúvo,F,6,Teclado Mecânico,Periféricos,Teclado,Razer,968.34
175,2025-04-09,106,Apollo da Cunha,larissa12@example.org,2025-03-18,Solteiro,F,9,SSD 1TB,Armazenamento,SSD,Kingston,995.4
176,2026-02-10,128,Sr. Otávio Camargo,vitoria58@example.net,2025-12-20,Viúvo,F,8,Headset Pro,Áudio,Headset,HyperX,853.64
177,2026-01-02,108,Hadassa Caldeira,allanaaparecida@example.org,2024-01-08,Solteiro,M,2,Smartphone X,Smartphones,Android,Samsung,3023.96
178,2025-12-16,105,Francisco Silva,renanmarques@example.org,2025-11-18,Solteiro,M,3,Tablet Plus,Tablets,Tablet,Apple,3688.3
179,2026-01-10,107,Augusto Siqueira,cardosojoao-pedro@example.org,2024-07-22,Solteiro,F,2,Smartphone X,Smartphones,Android,Samsung,8856.63
180,2025-06-26,117,Srta. Maitê Barbosa,vieiratheo@example.com,2024-07-09,Viúvo,F,3,Tablet Plus,Tablets,Tablet,Apple,7786.0
181,2026-03-03,111,Lívia Azevedo,lorenacunha@example.org,2025-05-26,Divorciado,F,8,Headset Pro,Áudio,Headset,HyperX,665.9
182,2024-12-10,107,Augusto Siqueira,cardosojoao-pedro@example.org,2024-07-22,Solteiro,F,1,Notebook Pro 15,Computadores,Notebook,Dell,16445.49
183,2025-10-11,116,Henry Machado,salesmaria-flor@example.net,2025-02-10,Viúvo,M,5,Mouse Gamer,Periféricos,Mouse,Logitech,297.04
184,2025-07-17,104,Gael Henrique da Cruz,ferreiralais@example.org,2025-01-19,Divorciado,F,7,Cadeira Gamer,Móveis,Cadeira,DXRacer,3616.34
185,2025-06-03,117,Srta. Maitê Barbosa,vieiratheo@example.com,2024-07-09,Viúvo,F,10,Impressora Laser,Impressoras,Laser,HP,1489.82
186,2024-01-31,115,Enzo Marques,ogomes@example.com,2023-08-10,Casado,F,1,Notebook Pro 15,Computadores,Notebook,Dell,9539.06
187,2025-12-31,130,Agatha Cavalcante,camargofernanda@example.net,2023-07-18,Divorciado,M,1,Notebook Pro 15,Computadores,Notebook,Dell,6206.51
188,2025-11-08,109,Natália Machado,alice98@example.net,2025-06-12,Divorciado,M,7,Cadeira Gamer,Móveis,Cadeira,DXRacer,3585.08
189,2025-12-27,109,Natália Machado,alice98@example.net,2025-06-12,Divorciado,M,1,Notebook Pro 15,Computadores,Notebook,Dell,6115.47
190,2025-04-12,104,Gael Henrique da Cruz,ferreiralais@example.org,2025-01-19,Divorciado,F,6,Teclado Mecânico,Periféricos,Teclado,Razer,1129.64
191,2026-03-01,126,Renan Monteiro,maria-fernanda02@example.net,2026-02-25,Solteiro,M,3,Tablet Plus,Tablets,Tablet,Apple,7226.0
192,2024-10-13,124,Maitê Viana,vianajulia@example.org,2024-08-21,Viúvo,M,8,Headset Pro,Áudio,Headset,HyperX,866.14
193,2025-06-13,106,Apollo da Cunha,larissa12@example.org,2025-03-18,Solteiro,F,6,Teclado Mecânico,Periféricos,Teclado,Razer,985.28
194,2025-09-22,129,Allana Moreira,brendamarques@example.net,2023-12-21,Viúvo,M,7,Cadeira Gamer,Móveis,Cadeira,DXRacer,4174.38
195,2026-01-09,123,Pedro Miguel Câmara,alicia44@example.org,2025-12-17,Casado,M,6,Teclado Mecânico,Periféricos,Teclado,Razer,1377.0
196,2025-06-24,107,Augusto Siqueira,cardosojoao-pedro@example.org,2024-07-22,Solteiro,F,10,Impressora Laser,Impressoras,Laser,HP,3068.78
197,2024-12-08,119,Dante Jesus,lizmartins@example.net,2023-10-04,Casado,M,8,Headset Pro,Áudio,Headset,HyperX,1098.66
198,2025-11-14,116,Henry Machado,salesmaria-flor@example.net,2025-02-10,Viúvo,M,4,Monitor 27 4K,Periféricos,Monitor,LG,1580.49
199,2025-05-21,114,Mariana Azevedo,lopesana-carolina@example.net,2025-01-03,Solteiro,M,10,Impressora Laser,Impressoras,Laser,HP,1506.33
200,2024-11-28,112,Antony Costa,rezendekevin@example.org,2024-01-08,Viúvo,M,7,Cadeira Gamer,Móveis,Cadeira,DXRacer,2119.45
201,2024-06-06,108,Hadassa Caldeira,allanaaparecida@example.org,2024-01-08,Solteiro,M,4,Monitor 27 4K,Periféricos,Monitor,LG,3254.26
202,2025-05-26,106,Apollo da Cunha,larissa12@example.org,2025-03-18,Solteiro,F,8,Headset Pro,Áudio,Headset,HyperX,720.18
203,2026-01-02,106,Apollo da Cunha,larissa12@example.org,2025-03-18,Solteiro,F,10,Impressora Laser,Impressoras,Laser,HP,4868.25
204,2025-08-20,103,Bianca Camargo,ncosta@example.org,2023-07-08,Solteiro,M,7,Cadeira Gamer,Móveis,Cadeira,DXRacer,5530.83
205,2025-10-19,115,Enzo Marques,ogomes@example.com,2023-08-10,Casado,F,6,Teclado Mecânico,Periféricos,Teclado,Razer,498.39
206,2026-02-13,111,Lívia Azevedo,lorenacunha@example.org,2025-05-26,Divorciado,F,4,Monitor 27 4K,Periféricos,Monitor,LG,2733.16
207,2024-12-31,130,Agatha Cavalcante,camargofernanda@example.net,2023-07-18,Divorciado,M,7,Cadeira Gamer,Móveis,Cadeira,DXRacer,6744.93
208,2026-02-17,128,Sr. Otávio Camargo,vitoria58@example.net,2025-12-20,Viúvo,F,9,SSD 1TB,Armazenamento,SSD,Kingston,670.89
209,2025-02-10,112,Antony Costa,rezendekevin@example.org,2024-01-08,Viúvo,M,10,Impressora Laser,Impressoras,Laser,HP,1222.96
210,2025-01-07,119,Dante Jesus,lizmartins@example.net,2023-10-04,Casado,M,8,Headset Pro,Áudio,Headset,HyperX,430.2
211,2025-12-24,105,Francisco Silva,renanmarques@example.org,2025-11-18,Solteiro,M,10,Impressora Laser,Impressoras,Laser,HP,1242.99
212,2025-09-10,119,Dante Jesus,lizmartins@example.net,2023-10-04,Casado,M,7,Cadeira Gamer,Móveis,Cadeira,DXRacer,6698.28
213,2025-09-23,103,Bianca Camargo,ncosta@example.org,2023-07-08,Solteiro,M,4,Monitor 27 4K,Periféricos,Monitor,LG,1502.48
214,2025-11-25,109,Natália Machado,alice98@example.net,2025-06-12,Divorciado,M,8,Headset Pro,Áudio,Headset,HyperX,416.24
215,2025-11-06,125,Srta. Maria Vitória Cardoso,antoniomoreira@example.com,2025-08-28,Viúvo,F,5,Mouse Gamer,Periféricos,Mouse,Logitech,174.85
216,2024-09-30,115,Enzo Marques,ogomes@example.com,2023-08-10,Casado,F,10,Impressora Laser,Impressoras,Laser,HP,4588.53
217,2025-12-08,110,Amanda da Cunha,fogacaemanuella@example.org,2023-06-04,Casado,F,2,Smartphone X,Smartphones,Android,Samsung,4921.82
218,2025-01-28,114,Mariana Azevedo,lopesana-carolina@example.net,2025-01-03,Solteiro,M,2,Smartphone X,Smartphones,Android,Samsung,7519.26
219,2026-01-13,128,Sr. Otávio Camargo,vitoria58@example.net,2025-12-20,Viúvo,F,9,SSD 1TB,Armazenamento,SSD,Kingston,661.53
220,2025-01-09,129,Allana Moreira,brendamarques@example.net,2023-12-21,Viúvo,M,8,Headset Pro,Áudio,Headset,HyperX,446.3
221,2025-12-25,105,Francisco Silva,renanmarques@example.org,2025-11-18,Solteiro,M,1,Notebook Pro 15,Computadores,Notebook,Dell,9897.28
222,2025-03-07,129,Allana Moreira,brendamarques@example.net,2023-12-21,Viúvo,M,1,Notebook Pro 15,Computadores,Notebook,Dell,16419.6
223,2025-06-23,101,Murilo Leão,marcelo69@example.org,2024-08-12,Divorciado,F,1,Notebook Pro 15,Computadores,Notebook,Dell,5472.84
224,2025-09-28,117,Srta. Maitê Barbosa,vieiratheo@example.com,2024-07-09,Viúvo,F,2,Smartphone X,Smartphones,Android,Samsung,4745.1
225,2025-07-05,111,Lívia Azevedo,lorenacunha@example.org,2025-05-26,Divorciado,F,2,Smartphone X,Smartphones,Android,Samsung,5891.62
226,2026-01-09,123,Pedro Miguel Câmara,alicia44@example.org,2025-12-17,Casado,M,5,Mouse Gamer,Periféricos,Mouse,Logitech,280.16
227,2025-12-12,125,Srta. Maria Vitória Cardoso,antoniomoreira@example.com,2025-08-28,Viúvo,F,8,Headset Pro,Áudio,Headset,HyperX,1069.62
228,2023-08-10,115,Enzo Marques,ogomes@example.com,2023-08-10,Casado,F,7,Cadeira Gamer,Móveis,Cadeira,DXRacer,4039.12
229,2024-10-22,103,Bianca Camargo,ncosta@example.org,2023-07-08,Solteiro,M,1,Notebook Pro 15,Computadores,Notebook,Dell,12109.72
230,2024-10-08,119,Dante Jesus,lizmartins@example.net,2023-10-04,Casado,M,2,Smartphone X,Smartphones,Android,Samsung,8262.57
231,2026-03-02,120,Ana Liz Duarte,dantenunes@example.net,2026-01-01,Casado,F,4,Monitor 27 4K,Periféricos,Monitor,LG,1776.7
232,2026-01-20,123,Pedro Miguel Câmara,alicia44@example.org,2025-12-17,Casado,M,8,Headset Pro,Áudio,Headset,HyperX,425.45
233,2026-02-01,130,Agatha Cavalcante,camargofernanda@example.net,2023-07-18,Divorciado,M,10,Impressora Laser,Impressoras,Laser,HP,3059.02
234,2024-11-20,115,Enzo Marques,ogomes@example.com,2023-08-10,Casado,F,7,Cadeira Gamer,Móveis,Cadeira,DXRacer,3574.56
235,2025-07-01,111,Lívia Azevedo,lorenacunha@example.org,2025-05-26,Divorciado,F,2,Smartphone X,Smartphones,Android,Samsung,4863.1
236,2024-02-19,129,Allana Moreira,brendamarques@example.net,2023-12-21,Viúvo,M,2,Smartphone X,Smartphones,Android,Samsung,6171.92
237,2025-07-16,104,Gael Henrique da Cruz,ferreiralais@example.org,2025-01-19,Divorciado,F,5,Mouse Gamer,Periféricos,Mouse,Logitech,167.62
238,2025-11-18,101,Murilo Leão,marcelo69@example.org,2024-08-12,Divorciado,F,3,Tablet Plus,Tablets,Tablet,Apple,12524.64
239,2026-02-26,126,Renan Monteiro,maria-fernanda02@example.net,2026-02-25,Solteiro,M,4,Monitor 27 4K,Periféricos,Monitor,LG,1627.4
240,2025-09-11,111,Lívia Azevedo,lorenacunha@example.org,2025-05-26,Divorciado,F,3,Tablet Plus,Tablets,Tablet,Apple,3328.51
241,2025-03-20,121,Luiz Fernando Alves,juliana61@example.com,2023-07-13,Viúvo,M,1,Notebook Pro 15,Computadores,Notebook,Dell,14211.0
242,2024-10-20,118,Sr. Gustavo Garcia,estersiqueira@example.net,2024-04-05,Viúvo,F,2,Smartphone X,Smartphones,Android,Samsung,6113.72
243,2025-12-13,129,Allana Moreira,brendamarques@example.net,2023-12-21,Viúvo,M,3,Tablet Plus,Tablets,Tablet,Apple,3550.58
244,2025-01-04,114,Mariana Azevedo,lopesana-carolina@example.net,2025-01-03,Solteiro,M,8,Headset Pro,Áudio,Headset,HyperX,362.75
245,2023-08-16,121,Luiz Fernando Alves,juliana61@example.com,2023-07-13,Viúvo,M,10,Impressora Laser,Impressoras,Laser,HP,4687.59
246,2026-02-28,126,Renan Monteiro,maria-fernanda02@example.net,2026-02-25,Solteiro,M,9,SSD 1TB,Armazenamento,SSD,Kingston,1066.46
247,2025-09-29,109,Natália Machado,alice98@example.net,2025-06-12,Divorciado,M,8,Headset Pro,Áudio,Headset,HyperX,890.92
248,2025-06-11,122,Josué Moraes,mendesana-cecilia@example.org,2025-05-31,Divorciado,M,6,Teclado Mecânico,Periféricos,Teclado,Razer,1671.6
249,2026-01-13,123,Pedro Miguel Câmara,alicia44@example.org,2025-12-17,Casado,M,6,Teclado Mecânico,Periféricos,Teclado,Razer,1111.78
250,2025-05-19,117,Srta. Maitê Barbosa,vieiratheo@example.com,2024-07-09,Viúvo,F,2,Smartphone X,Smartphones,Android,Samsung,5065.54
251,2025-09-28,104,Gael Henrique da Cruz,ferreiralais@example.org,2025-01-19,Divorciado,F,8,Headset Pro,Áudio,Headset,HyperX,1275.06
252,2026-02-26,126,Renan Monteiro,maria-fernanda02@example.net,2026-02-25,Solteiro,M,4,Monitor 27 4K,Periféricos,Monitor,LG,1720.36
253,2025-12-28,128,Sr. Otávio Camargo,vitoria58@example.net,2025-12-20,Viúvo,F,6,Teclado Mecânico,Periféricos,Teclado,Razer,527.62
254,2025-12-02,106,Apollo da Cunha,larissa12@example.org,2025-03-18,Solteiro,F,4,Monitor 27 4K,Periféricos,Monitor,LG,1462.16
255,2025-09-08,103,Bianca Camargo,ncosta@example.org,2023-07-08,Solteiro,M,8,Headset Pro,Áudio,Headset,HyperX,1061.1
256,2025-07-20,111,Lívia Azevedo,lorenacunha@example.org,2025-05-26,Divorciado,F,8,Headset Pro,Áudio,Headset,HyperX,1150.41
257,2026-02-05,128,Sr. Otávio Camargo,vitoria58@example.net,2025-12-20,Viúvo,F,1,Notebook Pro 15,Computadores,Notebook,Dell,14028.66
258,2025-08-24,117,Srta. Maitê Barbosa,vieiratheo@example.com,2024-07-09,Viúvo,F,10,Impressora Laser,Impressoras,Laser,HP,1357.77
259,2025-02-26,110,Amanda da Cunha,fogacaemanuella@example.org,2023-06-04,Casado,F,4,Monitor 27 4K,Periféricos,Monitor,LG,4247.85
260,2026-01-27,123,Pedro Miguel Câmara,alicia44@example.org,2025-12-17,Casado,M,6,Teclado Mecânico,Periféricos,Teclado,Razer,545.34
261,2025-05-02,115,Enzo Marques,ogomes@example.com,2023-08-10,Casado,F,2,Smartphone X,Smartphones,Android,Samsung,9068.67
262,2024-05-29,102,Guilherme Novais,santosbeatriz@example.net,2024-04-03,Casado,F,7,Cadeira Gamer,Móveis,Cadeira,DXRacer,6053.1
263,2025-07-01,104,Gael Henrique da Cruz,ferreiralais@example.org,2025-01-19,Divorciado,F,10,Impressora Laser,Impressoras,Laser,HP,2769.52
264,2025-08-11,122,Josué Moraes,mendesana-cecilia@example.org,2025-05-31,Divorciado,M,6,Teclado Mecânico,Periféricos,Teclado,Razer,1138.0
265,2024-07-23,117,Srta. Maitê Barbosa,vieiratheo@example.com,2024-07-09,Viúvo,F,9,SSD 1TB,Armazenamento,SSD,Kingston,1667.22
266,2026-02-16,116,Henry Machado,salesmaria-flor@example.net,2025-02-10,Viúvo,M,1,Notebook Pro 15,Computadores,Notebook,Dell,18880.38
267,2025-09-28,110,Amanda da Cunha,fogacaemanuella@example.org,2023-06-04,Casado,F,10,Impressora Laser,Impressoras,Laser,HP,1253.8
268,2024-12-05,130,Agatha Cavalcante,camargofernanda@example.net,2023-07-18,Divorciado,M,10,Impressora Laser,Impressoras,Laser,HP,2627.14
269,2024-11-02,124,Maitê Viana,vianajulia@example.org,2024-08-21,Viúvo,M,2,Smartphone X,Smartphones,Android,Samsung,5596.1
270,2025-10-18,121,Luiz Fernando Alves,juliana61@example.com,2023-07-13,Viúvo,M,5,Mouse Gamer,Periféricos,Mouse,Logitech,356.9
271,2026-01-18,120,Ana Liz Duarte,dantenunes@example.net,2026-01-01,Casado,F,7,Cadeira Gamer,Móveis,Cadeira,DXRacer,5503.26
272,2025-11-21,105,Francisco Silva,renanmarques@example.org,2025-11-18,Solteiro,M,3,Tablet Plus,Tablets,Tablet,Apple,12865.47
273,2026-01-27,105,Francisco Silva,renanmarques@example.org,2025-11-18,Solteiro,M,6,Teclado Mecânico,Periféricos,Teclado,Razer,1342.29
274,2026-02-14,120,Ana Liz Duarte,dantenunes@example.net,2026-01-01,Casado,F,3,Tablet Plus,Tablets,Tablet,Apple,8660.88
275,2025-09-21,118,Sr. Gustavo Garcia,estersiqueira@example.net,2024-04-05,Viúvo,F,10,Impressora Laser,Impressoras,Laser,HP,3057.78
276,2025-03-05,124,Maitê Viana,vianajulia@example.org,2024-08-21,Viúvo,M,9,SSD 1TB,Armazenamento,SSD,Kingston,621.97
277,2026-01-14,128,Sr. Otávio Camargo,vitoria58@example.net,2025-12-20,Viúvo,F,3,Tablet Plus,Tablets,Tablet,Apple,12425.43
278,2026-02-26,128,Sr. Otávio Camargo,vitoria58@example.net,2025-12-20,Viúvo,F,5,Mouse Gamer,Periféricos,Mouse,Logitech,404.34
279,2025-06-18,104,Gael Henrique da Cruz,ferreiralais@example.org,2025-01-19,Divorciado,F,6,Teclado Mecânico,Periféricos,Teclado,Razer,1532.46
280,2026-02-12,109,Natália Machado,alice98@example.net,2025-06-12,Divorciado,M,6,Teclado Mecânico,Periféricos,Teclado,Razer,999.42
281,2025-09-12,112,Antony Costa,rezendekevin@example.org,2024-01-08,Viúvo,M,5,Mouse Gamer,Periféricos,Mouse,Logitech,275.82
282,2025-10-17,125,Srta. Maria Vitória Cardoso,antoniomoreira@example.com,2025-08-28,Viúvo,F,7,Cadeira Gamer,Móveis,Cadeira,DXRacer,4472.48
283,2024-11-06,113,Emanuel Camargo,kevin95@example.net,2024-05-29,Viúvo,F,5,Mouse Gamer,Periféricos,Mouse,Logitech,521.46
284,2025-03-02,104,Gael Henrique da Cruz,ferreiralais@example.org,2025-01-19,Divorciado,F,2,Smartphone X,Smartphones,Android,Samsung,6942.87
285,2025-07-10,127,Hellena Brito,theocosta@example.com,2024-09-01,Casado,F,6,Teclado Mecânico,Periféricos,Teclado,Razer,1189.9
286,2026-02-10,104,Gael Henrique da Cruz,ferreiralais@example.org,2025-01-19,Divorciado,F,3,Tablet Plus,Tablets,Tablet,Apple,8883.56
287,2025-12-13,125,Srta. Maria Vitória Cardoso,antoniomoreira@example.com,2025-08-28,Viúvo,F,2,Smartphone X,Smartphones,Android,Samsung,7284.69
288,2024-04-11,130,Agatha Cavalcante,camargofernanda@example.net,2023-07-18,Divorciado,M,4,Monitor 27 4K,Periféricos,Monitor,LG,3378.18
289,2023-09-23,130,Agatha Cavalcante,camargofernanda@example.net,2023-07-18,Divorciado,M,3,Tablet Plus,Tablets,Tablet,Apple,11282.85
290,2024-08-22,124,Maitê Viana,vianajulia@example.org,2024-08-21,Viúvo,M,1,Notebook Pro 15,Computadores,Notebook,Dell,14652.27
291,2025-09-23,110,Amanda da Cunha,fogacaemanuella@example.org,2023-06-04,Casado,F,3,Tablet Plus,Tablets,Tablet,Apple,13400.73
292,2025-01-25,107,Augusto Siqueira,cardosojoao-pedro@example.org,2024-07-22,Solteiro,F,1,Notebook Pro 15,Computadores,Notebook,Dell,4697.65
293,2026-01-26,128,Sr. Otávio Camargo,vitoria58@example.net,2025-12-20,Viúvo,F,1,Notebook Pro 15,Computadores,Notebook,Dell,5970.99
294,2026-01-21,123,Pedro Miguel Câmara,alicia44@example.org,2025-12-17,Casado,M,1,Notebook Pro 15,Computadores,Notebook,Dell,11526.34
295,2025-06-02,119,Dante Jesus,lizmartins@example.net,2023-10-04,Casado,M,6,Teclado Mecânico,Periféricos,Teclado,Razer,893.76
296,2025-10-20,109,Natália Machado,alice98@example.net,2025-06-12,Divorciado,M,10,Impressora Laser,Impressoras,Laser,HP,3169.62
297,2025-12-03,105,Francisco Silva,renanmarques@example.org,2025-11-18,Solteiro,M,6,Teclado Mecânico,Periféricos,Teclado,Razer,1618.53
298,2026-01-11,104,Gael Henrique da Cruz,ferreiralais@example.org,2025-01-19,Divorciado,F,10,Impressora Laser,Impressoras,Laser,HP,1534.08
299,2025-09-28,106,Apollo da Cunha,larissa12@example.org,2025-03-18,Solteiro,F,4,Monitor 27 4K,Periféricos,Monitor,LG,2907.74
300,2025-07-25,124,Maitê Viana,vianajulia@example.org,2024-08-21,Viúvo,M,8,Headset Pro,Áudio,Headset,HyperX,358.6
301,2025-12-13,117,Srta. Maitê Barbosa,vieiratheo@example.com,2024-07-09,Viúvo,F,3,Tablet Plus,Tablets,Tablet,Apple,7736.52
302,2026-01-20,120,Ana Liz Duarte,dantenunes@example.net,2026-01-01,Casado,F,1,Notebook Pro 15,Computadores,Notebook,Dell,17773.44
303,2025-07-18,122,Josué Moraes,mendesana-cecilia@example.org,2025-05-31,Divorciado,M,9,SSD 1TB,Armazenamento,SSD,Kingston,607.49
304,2025-01-24,124,Maitê Viana,vianajulia@example.org,2024-08-21,Viúvo,M,6,Teclado Mecânico,Periféricos,Teclado,Razer,915.48
305,2024-05-07,118,Sr. Gustavo Garcia,estersiqueira@example.net,2024-04-05,Viúvo,F,4,Monitor 27 4K,Periféricos,Monitor,LG,1614.24
306,2025-10-26,104,Gael Henrique da Cruz,ferreiralais@example.org,2025-01-19,Divorciado,F,3,Tablet Plus,Tablets,Tablet,Apple,7459.82
307,2024-12-27,124,Maitê Viana,vianajulia@example.org,2024-08-21,Viúvo,M,10,Impressora Laser,Impressoras,Laser,HP,1505.4
308,2025-07-06,106,Apollo da Cunha,larissa12@example.org,2025-03-18,Solteiro,F,1,Notebook Pro 15,Computadores,Notebook,Dell,9348.6
309,2024-08-30,124,Maitê Viana,vianajulia@example.org,2024-08-21,Viúvo,M,3,Tablet Plus,Tablets,Tablet,Apple,4150.89
310,2023-06-08,110,Amanda da Cunha,fogacaemanuella@example.org,2023-06-04,Casado,F,8,Headset Pro,Áudio,Headset,HyperX,1039.5
311,2025-12-05,127,Hellena Brito,theocosta@example.com,2024-09-01,Casado,F,6,Teclado Mecânico,Periféricos,Teclado,Razer,1496.73
312,2025-11-28,101,Murilo Leão,marcelo69@example.org,2024-08-12,Divorciado,F,8,Headset Pro,Áudio,Headset,HyperX,1167.09
313,2023-07-31,103,Bianca Camargo,ncosta@example.org,2023-07-08,Solteiro,M,7,Cadeira Gamer,Móveis,Cadeira,DXRacer,5892.48
314,2024-08-13,103,Bianca Camargo,ncosta@example.org,2023-07-08,Solteiro,M,4,Monitor 27 4K,Periféricos,Monitor,LG,1654.95
315,2025-10-19,117,Srta. Maitê Barbosa,vieiratheo@example.com,2024-07-09,Viúvo,F,9,SSD 1TB,Armazenamento,SSD,Kingston,995.8
316,2026-01-07,128,Sr. Otávio Camargo,vitoria58@example.net,2025-12-20,Viúvo,F,7,Cadeira Gamer,Móveis,Cadeira,DXRacer,5273.37
317,2025-02-27,107,Augusto Siqueira,cardosojoao-pedro@example.org,2024-07-22,Solteiro,F,1,Notebook Pro 15,Computadores,Notebook,Dell,5858.78
318,2025-11-26,111,Lívia Azevedo,lorenacunha@example.org,2025-05-26,Divorciado,F,3,Tablet Plus,Tablets,Tablet,Apple,3337.09
319,2024-12-03,108,Hadassa Caldeira,allanaaparecida@example.org,2024-01-08,Solteiro,M,10,Impressora Laser,Impressoras,Laser,HP,2440.34
320,2025-02-15,112,Antony Costa,rezendekevin@example.org,2024-01-08,Viúvo,M,4,Monitor 27 4K,Periféricos,Monitor,LG,1795.04
321,2026-02-24,123,Pedro Miguel Câmara,alicia44@example.org,2025-12-17,Casado,M,6,Teclado Mecânico,Periféricos,Teclado,Razer,981.64
322,2024-12-14,124,Maitê Viana,vianajulia@example.org,2024-08-21,Viúvo,M,4,Monitor 27 4K,Periféricos,Monitor,LG,3548.78
323,2025-11-19,110,Amanda da Cunha,fogacaemanuella@example.org,2023-06-04,Casado,F,9,SSD 1TB,Armazenamento,SSD,Kingston,1792.29
324,2025-03-02,121,Luiz Fernando Alves,juliana61@example.com,2023-07-13,Viúvo,M,6,Teclado Mecânico,Periféricos,Teclado,Razer,1121.1
325,2024-12-21,110,Amanda da Cunha,fogacaemanuella@example.org,2023-06-04,Casado,F,3,Tablet Plus,Tablets,Tablet,Apple,11508.39
326,2025-11-03,109,Natália Machado,alice98@example.net,2025-06-12,Divorciado,M,4,Monitor 27 4K,Periféricos,Monitor,LG,4118.67
327,2024-11-09,110,Amanda da Cunha,fogacaemanuella@example.org,2023-06-04,Casado,F,1,Notebook Pro 15,Computadores,Notebook,Dell,5889.07
328,2026-02-12,111,Lívia Azevedo,lorenacunha@example.org,2025-05-26,Divorciado,F,7,Cadeira Gamer,Móveis,Cadeira,DXRacer,3460.82
329,2024-01-07,130,Agatha Cavalcante,camargofernanda@example.net,2023-07-18,Divorciado,M,3,Tablet Plus,Tablets,Tablet,Apple,6691.56
330,2025-05-27,108,Hadassa Caldeira,allanaaparecida@example.org,2024-01-08,Solteiro,M,4,Monitor 27 4K,Periféricos,Monitor,LG,1336.2
331,2023-09-25,130,Agatha Cavalcante,camargofernanda@example.net,2023-07-18,Divorciado,M,4,Monitor 27 4K,Periféricos,Monitor,LG,1500.18
332,2025-09-15,112,Antony Costa,rezendekevin@example.org,2024-01-08,Viúvo,M,8,Headset Pro,Áudio,Headset,HyperX,874.16
333,2026-02-14,102,Guilherme Novais,santosbeatriz@example.net,2024-04-03,Casado,F,3,Tablet Plus,Tablets,Tablet,Apple,12909.09
334,2025-10-11,113,Emanuel Camargo,kevin95@example.net,2024-05-29,Viúvo,F,8,Headset Pro,Áudio,Headset,HyperX,705.16
335,2025-04-17,107,Augusto Siqueira,cardosojoao-pedro@example.org,2024-07-22,Solteiro,F,2,Smartphone X,Smartphones,Android,Samsung,3039.76
336,2026-02-13,125,Srta. Maria Vitória Cardoso,antoniomoreira@example.com,2025-08-28,Viúvo,F,4,Monitor 27 4K,Periféricos,Monitor,LG,5219.61
337,2025-07-21,111,Lívia Azevedo,lorenacunha@example.org,2025-05-26,Divorciado,F,10,Impressora Laser,Impressoras,Laser,HP,1639.86
338,2025-08-30,124,Maitê Viana,vianajulia@example.org,2024-08-21,Viúvo,M,5,Mouse Gamer,Periféricos,Mouse,Logitech,316.22
339,2026-01-25,121,Luiz Fernando Alves,juliana61@example.com,2023-07-13,Viúvo,M,10,Impressora Laser,Impressoras,Laser,HP,4337.37
340,2024-06-10,110,Amanda da Cunha,fogacaemanuella@example.org,2023-06-04,Casado,F,2,Smartphone X,Smartphones,Android,Samsung,4959.32
341,2024-05-22,103,Bianca Camargo,ncosta@example.org,2023-07-08,Solteiro,M,2,Smartphone X,Smartphones,Android,Samsung,5235.64
342,2026-02-05,120,Ana Liz Duarte,dantenunes@example.net,2026-01-01,Casado,F,2,Smartphone X,Smartphones,Android,Samsung,7273.47
343,2025-10-04,113,Emanuel Camargo,kevin95@example.net,2024-05-29,Viúvo,F,1,Notebook Pro 15,Computadores,Notebook,Dell,9613.9
344,2026-01-24,111,Lívia Azevedo,lorenacunha@example.org,2025-05-26,Divorciado,F,8,Headset Pro,Áudio,Headset,HyperX,402.19
345,2026-02-26,126,Renan Monteiro,maria-fernanda02@example.net,2026-02-25,Solteiro,M,3,Tablet Plus,Tablets,Tablet,Apple,10663.11
346,2025-10-20,108,Hadassa Caldeira,allanaaparecida@example.org,2024-01-08,Solteiro,M,6,Teclado Mecânico,Periféricos,Teclado,Razer,440.29
347,2024-11-17,129,Allana Moreira,brendamarques@example.net,2023-12-21,Viúvo,M,7,Cadeira Gamer,Móveis,Cadeira,DXRacer,1751.76
348,2025-08-20,109,Natália Machado,alice98@example.net,2025-06-12,Divorciado,M,4,Monitor 27 4K,Periféricos,Monitor,LG,3999.0
349,2025-11-12,125,Srta. Maria Vitória Cardoso,antoniomoreira@example.com,2025-08-28,Viúvo,F,8,Headset Pro,Áudio,Headset,HyperX,339.86
350,2025-09-02,129,Allana Moreira,brendamarques@example.net,2023-12-21,Viúvo,M,1,Notebook Pro 15,Computadores,Notebook,Dell,11819.38
351,2025-12-30,101,Murilo Leão,marcelo69@example.org,2024-08-12,Divorciado,F,3,Tablet Plus,Tablets,Tablet,Apple,11685.21
352,2025-12-25,122,Josué Moraes,mendesana-cecilia@example.org,2025-05-31,Divorciado,M,2,Smartphone X,Smartphones,Android,Samsung,9234.0
353,2026-01-25,111,Lívia Azevedo,lorenacunha@example.org,2025-05-26,Divorciado,F,8,Headset Pro,Áudio,Headset,HyperX,787.62
354,2026-01-26,114,Mariana Azevedo,lopesana-carolina@example.net,2025-01-03,Solteiro,M,5,Mouse Gamer,Periféricos,Mouse,Logitech,145.25
355,2026-02-20,120,Ana Liz Duarte,dantenunes@example.net,2026-01-01,Casado,F,3,Tablet Plus,Tablets,Tablet,Apple,10848.75
356,2026-02-11,123,Pedro Miguel Câmara,alicia44@example.org,2025-12-17,Casado,M,6,Teclado Mecânico,Periféricos,Teclado,Razer,586.7
357,2025-04-20,119,Dante Jesus,lizmartins@example.net,2023-10-04,Casado,M,9,SSD 1TB,Armazenamento,SSD,Kingston,1529.07
358,2025-10-10,125,Srta. Maria Vitória Cardoso,antoniomoreira@example.com,2025-08-28,Viúvo,F,5,Mouse Gamer,Periféricos,Mouse,Logitech,159.73
359,2025-05-23,102,Guilherme Novais,santosbeatriz@example.net,2024-04-03,Casado,F,7,Cadeira Gamer,Móveis,Cadeira,DXRacer,6144.84
360,2025-08-15,116,Henry Machado,salesmaria-flor@example.net,2025-02-10,Viúvo,M,5,Mouse Gamer,Periféricos,Mouse,Logitech,147.94
361,2025-10-09,127,Hellena Brito,theocosta@example.com,2024-09-01,Casado,F,1,Notebook Pro 15,Computadores,Notebook,Dell,15078.9
362,2025-08-17,103,Bianca Camargo,ncosta@example.org,2023-07-08,Solteiro,M,4,Monitor 27 4K,Periféricos,Monitor,LG,1589.2
363,2025-12-15,127,Hellena Brito,theocosta@example.com,2024-09-01,Casado,F,5,Mouse Gamer,Periféricos,Mouse,Logitech,480.6
364,2024-06-23,108,Hadassa Caldeira,allanaaparecida@example.org,2024-01-08,Solteiro,M,7,Cadeira Gamer,Móveis,Cadeira,DXRacer,5095.38
365,2024-12-15,124,Maitê Viana,vianajulia@example.org,2024-08-21,Viúvo,M,6,Teclado Mecânico,Periféricos,Teclado,Razer,1110.78
366,2025-10-11,110,Amanda da Cunha,fogacaemanuella@example.org,2023-06-04,Casado,F,9,SSD 1TB,Armazenamento,SSD,Kingston,672.27
367,2025-09-20,130,Agatha Cavalcante,camargofernanda@example.net,2023-07-18,Divorciado,M,8,Headset Pro,Áudio,Headset,HyperX,735.26
368,2025-02-11,115,Enzo Marques,ogomes@example.com,2023-08-10,Casado,F,2,Smartphone X,Smartphones,Android,Samsung,5903.44
369,2026-02-08,116,Henry Machado,salesmaria-flor@example.net,2025-02-10,Viúvo,M,7,Cadeira Gamer,Móveis,Cadeira,DXRacer,5212.83
370,2024-02-17,130,Agatha Cavalcante,camargofernanda@example.net,2023-07-18,Divorciado,M,4,Monitor 27 4K,Periféricos,Monitor,LG,5275.44
371,2025-10-20,127,Hellena Brito,theocosta@example.com,2024-09-01,Casado,F,2,Smartphone X,Smartphones,Android,Samsung,6253.14
372,2025-05-11,117,Srta. Maitê Barbosa,vieiratheo@example.com,2024-07-09,Viúvo,F,8,Headset Pro,Áudio,Headset,HyperX,1314.54
373,2025-05-17,104,Gael Henrique da Cruz,ferreiralais@example.org,2025-01-19,Divorciado,F,3,Tablet Plus,Tablets,Tablet,Apple,10461.99
374,2024-10-14,117,Srta. Maitê Barbosa,vieiratheo@example.com,2024-07-09,Viúvo,F,3,Tablet Plus,Tablets,Tablet,Apple,10843.26
375,2025-09-12,127,Hellena Brito,theocosta@example.com,2024-09-01,Casado,F,3,Tablet Plus,Tablets,Tablet,Apple,10485.27
376,2026-02-15,117,Srta. Maitê Barbosa,vieiratheo@example.com,2024-07-09,Viúvo,F,7,Cadeira Gamer,Móveis,Cadeira,DXRacer,5831.52
377,2025-07-28,119,Dante Jesus,lizmartins@example.net,2023-10-04,Casado,M,8,Headset Pro,Áudio,Headset,HyperX,778.98
378,2025-12-05,104,Gael Henrique da Cruz,ferreiralais@example.org,2025-01-19,Divorciado,F,7,Cadeira Gamer,Móveis,Cadeira,DXRacer,5440.89
379,2025-12-03,106,Apollo da Cunha,larissa12@example.org,2025-03-18,Solteiro,F,8,Headset Pro,Áudio,Headset,HyperX,1059.03
380,2026-02-23,105,Francisco Silva,renanmarques@example.org,2025-11-18,Solteiro,M,2,Smartphone X,Smartphones,Android,Samsung,5287.72
381,2025-08-02,114,Mariana Azevedo,lopesana-carolina@example.net,2025-01-03,Solteiro,M,7,Cadeira Gamer,Móveis,Cadeira,DXRacer,3591.14
382,2024-05-25,130,Agatha Cavalcante,camargofernanda@example.net,2023-07-18,Divorciado,M,3,Tablet Plus,Tablets,Tablet,Apple,11369.31
383,2024-09-05,124,Maitê Viana,vianajulia@example.org,2024-08-21,Viúvo,M,7,Cadeira Gamer,Móveis,Cadeira,DXRacer,1824.62
384,2025-02-17,104,Gael Henrique da Cruz,ferreiralais@example.org,2025-01-19,Divorciado,F,5,Mouse Gamer,Periféricos,Mouse,Logitech,449.67
385,2025-12-26,122,Josué Moraes,mendesana-cecilia@example.org,2025-05-31,Divorciado,M,5,Mouse Gamer,Periféricos,Mouse,Logitech,519.57
386,2026-02-26,126,Renan Monteiro,maria-fernanda02@example.net,2026-02-25,Solteiro,M,5,Mouse Gamer,Periféricos,Mouse,Logitech,412.14
387,2026-01-23,119,Dante Jesus,lizmartins@example.net,2023-10-04,Casado,M,8,Headset Pro,Áudio,Headset,HyperX,1027.86
388,2025-10-01,101,Murilo Leão,marcelo69@example.org,2024-08-12,Divorciado,F,10,Impressora Laser,Impressoras,Laser,HP,3694.11
389,2025-04-16,129,Allana Moreira,brendamarques@example.net,2023-12-21,Viúvo,M,4,Monitor 27 4K,Periféricos,Monitor,LG,1474.6
390,2026-03-03,128,Sr. Otávio Camargo,vitoria58@example.net,2025-12-20,Viúvo,F,2,Smartphone X,Smartphones,Android,Samsung,4738.76
391,2025-08-28,111,Lívia Azevedo,lorenacunha@example.org,2025-05-26,Divorciado,F,4,Monitor 27 4K,Periféricos,Monitor,LG,1621.62
392,2025-12-25,116,Henry Machado,salesmaria-flor@example.net,2025-02-10,Viúvo,M,8,Headset Pro,Áudio,Headset,HyperX,1187.22
393,2025-12-07,129,Allana Moreira,brendamarques@example.net,2023-12-21,Viúvo,M,9,SSD 1TB,Armazenamento,SSD,Kingston,1076.62
394,2024-05-07,129,Allana Moreira,brendamarques@example.net,2023-12-21,Viúvo,M,9,SSD 1TB,Armazenamento,SSD,Kingston,538.54
395,2025-12-20,114,Mariana Azevedo,lopesana-carolina@example.net,2025-01-03,Solteiro,M,5,Mouse Gamer,Periféricos,Mouse,Logitech,299.3
396,2025-12-21,128,Sr. Otávio Camargo,vitoria58@example.net,2025-12-20,Viúvo,F,4,Monitor 27 4K,Periféricos,Monitor,LG,1534.82
397,2025-11-06,101,Murilo Leão,marcelo69@example.org,2024-08-12,Divorciado,F,1,Notebook Pro 15,Computadores,Notebook,Dell,17580.87
398,2025-10-23,111,Lívia Azevedo,lorenacunha@example.org,2025-05-26,Divorciado,F,6,Teclado Mecânico,Periféricos,Teclado,Razer,509.23
399,2026-03-01,126,Renan Monteiro,maria-fernanda02@example.net,2026-02-25,Solteiro,M,9,SSD 1TB,Armazenamento,SSD,Kingston,605.59
400,2024-09-14,117,Srta. Maitê Barbosa,vieiratheo@example.com,2024-07-09,Viúvo,F,10,Impressora Laser,Impressoras,Laser,HP,1358.45
401,2026-02-08,122,Josué Moraes,mendesana-cecilia@example.org,2025-05-31,Divorciado,M,4,Monitor 27 4K,Periféricos,Monitor,LG,2658.78
402,2026-02-07,128,Sr. Otávio Camargo,vitoria58@example.net,2025-12-20,Viúvo,F,4,Monitor 27 4K,Periféricos,Monitor,LG,4375.95
403,2024-05-17,112,Antony Costa,rezendekevin@example.org,2024-01-08,Viúvo,M,8,Headset Pro,Áudio,Headset,HyperX,1258.74
404,2026-02-24,103,Bianca Camargo,ncosta@example.org,2023-07-08,Solteiro,M,6,Teclado Mecânico,Periféricos,Teclado,Razer,1380.0
405,2025-10-11,111,Lívia Azevedo,lorenacunha@example.org,2025-05-26,Divorciado,F,8,Headset Pro,Áudio,Headset,HyperX,1061.13
406,2025-08-03,104,Gael Henrique da Cruz,ferreiralais@example.org,2025-01-19,Divorciado,F,6,Teclado Mecânico,Periféricos,Teclado,Razer,1441.35
407,2026-02-25,126,Renan Monteiro,maria-fernanda02@example.net,2026-02-25,Solteiro,M,4,Monitor 27 4K,Periféricos,Monitor,LG,1777.89
408,2025-12-21,128,Sr. Otávio Camargo,vitoria58@example.net,2025-12-20,Viúvo,F,8,Headset Pro,Áudio,Headset,HyperX,1248.96
409,2025-08-19,119,Dante Jesus,lizmartins@example.net,2023-10-04,Casado,M,8,Headset Pro,Áudio,Headset,HyperX,1135.5
410,2024-10-25,110,Amanda da Cunha,fogacaemanuella@example.org,2023-06-04,Casado,F,3,Tablet Plus,Tablets,Tablet,Apple,8226.92
411,2025-04-22,127,Hellena Brito,theocosta@example.com,2024-09-01,Casado,F,6,Teclado Mecânico,Periféricos,Teclado,Razer,1560.51
412,2026-02-22,128,Sr. Otávio Camargo,vitoria58@example.net,2025-12-20,Viúvo,F,7,Cadeira Gamer,Móveis,Cadeira,DXRacer,3479.46
413,2026-01-16,120,Ana Liz Duarte,dantenunes@example.net,2026-01-01,Casado,F,6,Teclado Mecânico,Periféricos,Teclado,Razer,1144.46
414,2026-01-01,124,Maitê Viana,vianajulia@example.org,2024-08-21,Viúvo,M,5,Mouse Gamer,Periféricos,Mouse,Logitech,501.15
415,2025-03-31,104,Gael Henrique da Cruz,ferreiralais@example.org,2025-01-19,Divorciado,F,6,Teclado Mecânico,Periféricos,Teclado,Razer,447.55
416,2025-11-24,122,Josué Moraes,mendesana-cecilia@example.org,2025-05-31,Divorciado,M,7,Cadeira Gamer,Móveis,Cadeira,DXRacer,1933.65
417,2025-07-09,129,Allana Moreira,brendamarques@example.net,2023-12-21,Viúvo,M,3,Tablet Plus,Tablets,Tablet,Apple,3467.34
418,2026-01-19,109,Natália Machado,alice98@example.net,2025-06-12,Divorciado,M,5,Mouse Gamer,Periféricos,Mouse,Logitech,518.7
419,2024-10-06,127,Hellena Brito,theocosta@example.com,2024-09-01,Casado,F,5,Mouse Gamer,Periféricos,Mouse,Logitech,440.85
420,2025-12-10,103,Bianca Camargo,ncosta@example.org,2023-07-08,Solteiro,M,2,Smartphone X,Smartphones,Android,Samsung,7024.41
421,2025-11-19,111,Lívia Azevedo,lorenacunha@example.org,2025-05-26,Divorciado,F,2,Smartphone X,Smartphones,Android,Samsung,3042.72
422,2025-07-04,117,Srta. Maitê Barbosa,vieiratheo@example.com,2024-07-09,Viúvo,F,3,Tablet Plus,Tablets,Tablet,Apple,7470.5
423,2025-07-08,119,Dante Jesus,lizmartins@example.net,2023-10-04,Casado,M,8,Headset Pro,Áudio,Headset,HyperX,420.52
424,2025-11-27,103,Bianca Camargo,ncosta@example.org,2023-07-08,Solteiro,M,6,Teclado Mecânico,Periféricos,Teclado,Razer,493.88
425,2025-12-22,109,Natália Machado,alice98@example.net,2025-06-12,Divorciado,M,5,Mouse Gamer,Periféricos,Mouse,Logitech,171.54
426,2026-02-28,112,Antony Costa,rezendekevin@example.org,2024-01-08,Viúvo,M,3,Tablet Plus,Tablets,Tablet,Apple,7915.3
427,2024-03-24,129,Allana Moreira,brendamarques@example.net,2023-12-21,Viúvo,M,7,Cadeira Gamer,Móveis,Cadeira,DXRacer,3461.36
428,2024-12-09,124,Maitê Viana,vianajulia@example.org,2024-08-21,Viúvo,M,4,Monitor 27 4K,Periféricos,Monitor,LG,3476.46
429,2026-02-24,120,Ana Liz Duarte,dantenunes@example.net,2026-01-01,Casado,F,6,Teclado Mecânico,Periféricos,Teclado,Razer,978.12
430,2026-01-24,122,Josué Moraes,mendesana-cecilia@example.org,2025-05-31,Divorciado,M,7,Cadeira Gamer,Móveis,Cadeira,DXRacer,1827.01
431,2024-05-05,112,Antony Costa,rezendekevin@example.org,2024-01-08,Viúvo,M,9,SSD 1TB,Armazenamento,SSD,Kingston,1143.46
432,2026-01-20,114,Mariana Azevedo,lopesana-carolina@example.net,2025-01-03,Solteiro,M,7,Cadeira Gamer,Móveis,Cadeira,DXRacer,5675.85
433,2026-01-13,120,Ana Liz Duarte,dantenunes@example.net,2026-01-01,Casado,F,1,Notebook Pro 15,Computadores,Notebook,Dell,5900.46
434,2025-12-08,116,Henry Machado,salesmaria-flor@example.net,2025-02-10,Viúvo,M,7,Cadeira Gamer,Móveis,Cadeira,DXRacer,1674.54
435,2025-06-02,122,Josué Moraes,mendesana-cecilia@example.org,2025-05-31,Divorciado,M,1,Notebook Pro 15,Computadores,Notebook,Dell,14603.79
436,2024-09-02,108,Hadassa Caldeira,allanaaparecida@example.org,2024-01-08,Solteiro,M,4,Monitor 27 4K,Periféricos,Monitor,LG,1521.76
437,2025-12-24,105,Francisco Silva,renanmarques@example.org,2025-11-18,Solteiro,M,7,Cadeira Gamer,Móveis,Cadeira,DXRacer,5498.46
438,2025-04-24,104,Gael Henrique da Cruz,ferreiralais@example.org,2025-01-19,Divorciado,F,4,Monitor 27 4K,Periféricos,Monitor,LG,1675.39
439,2025-09-22,117,Srta. Maitê Barbosa,vieiratheo@example.com,2024-07-09,Viúvo,F,7,Cadeira Gamer,Móveis,Cadeira,DXRacer,6194.82
440,2024-09-05,107,Augusto Siqueira,cardosojoao-pedro@example.org,2024-07-22,Solteiro,F,4,Monitor 27 4K,Periféricos,Monitor,LG,1563.51
441,2025-12-29,128,Sr. Otávio Camargo,vitoria58@example.net,2025-12-20,Viúvo,F,4,Monitor 27 4K,Periféricos,Monitor,LG,3396.64
442,2024-05-19,118,Sr. Gustavo Garcia,estersiqueira@example.net,2024-04-05,Viúvo,F,8,Headset Pro,Áudio,Headset,HyperX,1018.5
443,2026-02-05,108,Hadassa Caldeira,allanaaparecida@example.org,2024-01-08,Solteiro,M,4,Monitor 27 4K,Periféricos,Monitor,LG,1468.22
444,2025-02-28,114,Mariana Azevedo,lopesana-carolina@example.net,2025-01-03,Solteiro,M,5,Mouse Gamer,Periféricos,Mouse,Logitech,346.02
445,2024-11-03,129,Allana Moreira,brendamarques@example.net,2023-12-21,Viúvo,M,6,Teclado Mecânico,Periféricos,Teclado,Razer,495.72
446,2025-10-12,107,Augusto Siqueira,cardosojoao-pedro@example.org,2024-07-22,Solteiro,F,3,Tablet Plus,Tablets,Tablet,Apple,12508.41
447,2024-12-04,124,Maitê Viana,vianajulia@example.org,2024-08-21,Viúvo,M,8,Headset Pro,Áudio,Headset,HyperX,331.79
448,2025-07-29,129,Allana Moreira,brendamarques@example.net,2023-12-21,Viúvo,M,5,Mouse Gamer,Periféricos,Mouse,Logitech,278.78
449,2025-01-22,124,Maitê Viana,vianajulia@example.org,2024-08-21,Viúvo,M,10,Impressora Laser,Impressoras,Laser,HP,2528.08
450,2026-02-21,127,Hellena Brito,theocosta@example.com,2024-09-01,Casado,F,2,Smartphone X,Smartphones,Android,Samsung,4625.9
451,2025-09-03,109,Natália Machado,alice98@example.net,2025-06-12,Divorciado,M,10,Impressora Laser,Impressoras,Laser,HP,3092.94
452,2024-08-30,129,Allana Moreira,brendamarques@example.net,2023-12-21,Viúvo,M,10,Impressora Laser,Impressoras,Laser,HP,1565.98
453,2025-03-21,118,Sr. Gustavo Garcia,estersiqueira@example.net,2024-04-05,Viúvo,F,5,Mouse Gamer,Periféricos,Mouse,Logitech,134.21
454,2025-07-25,109,Natália Machado,alice98@example.net,2025-06-12,Divorciado,M,6,Teclado Mecânico,Periféricos,Teclado,Razer,512.52
455,2026-01-23,118,Sr. Gustavo Garcia,estersiqueira@example.net,2024-04-05,Viúvo,F,10,Impressora Laser,Impressoras,Laser,HP,3881.07
456,2026-02-05,109,Natália Machado,alice98@example.net,2025-06-12,Divorciado,M,4,Monitor 27 4K,Periféricos,Monitor,LG,2962.66
457,2024-05-03,118,Sr. Gustavo Garcia,estersiqueira@example.net,2024-04-05,Viúvo,F,1,Notebook Pro 15,Computadores,Notebook,Dell,18768.78
458,2025-05-25,124,Maitê Viana,vianajulia@example.org,2024-08-21,Viúvo,M,9,SSD 1TB,Armazenamento,SSD,Kingston,1075.1
459,2025-12-29,123,Pedro Miguel Câmara,alicia44@example.org,2025-12-17,Casado,M,4,Monitor 27 4K,Periféricos,Monitor,LG,1420.88
460,2025-05-16,130,Agatha Cavalcante,camargofernanda@example.net,2023-07-18,Divorciado,M,2,Smartphone X,Smartphones,Android,Samsung,3026.59
461,2026-01-20,105,Francisco Silva,renanmarques@example.org,2025-11-18,Solteiro,M,6,Teclado Mecânico,Periféricos,Teclado,Razer,1608.03
462,2025-03-29,103,Bianca Camargo,ncosta@example.org,2023-07-08,Solteiro,M,6,Teclado Mecânico,Periféricos,Teclado,Razer,994.0
463,2025-03-12,107,Augusto Siqueira,cardosojoao-pedro@example.org,2024-07-22,Solteiro,F,4,Monitor 27 4K,Periféricos,Monitor,LG,4496.49
464,2023-08-25,115,Enzo Marques,ogomes@example.com,2023-08-10,Casado,F,4,Monitor 27 4K,Periféricos,Monitor,LG,5343.36
465,2025-05-10,130,Agatha Cavalcante,camargofernanda@example.net,2023-07-18,Divorciado,M,1,Notebook Pro 15,Computadores,Notebook,Dell,5838.0
466,2025-04-27,104,Gael Henrique da Cruz,ferreiralais@example.org,2025-01-19,Divorciado,F,4,Monitor 27 4K,Periféricos,Monitor,LG,3440.78
467,2024-04-04,102,Guilherme Novais,santosbeatriz@example.net,2024-04-03,Casado,F,10,Impressora Laser,Impressoras,Laser,HP,1446.32
468,2023-08-15,115,Enzo Marques,ogomes@example.com,2023-08-10,Casado,F,2,Smartphone X,Smartphones,Android,Samsung,5163.56
469,2025-10-20,125,Srta. Maria Vitória Cardoso,antoniomoreira@example.com,2025-08-28,Viúvo,F,1,Notebook Pro 15,Computadores,Notebook,Dell,11016.16
470,2026-01-29,128,Sr. Otávio Camargo,vitoria58@example.net,2025-12-20,Viúvo,F,10,Impressora Laser,Impressoras,Laser,HP,4604.94
471,2026-02-25,126,Renan Monteiro,maria-fernanda02@example.net,2026-02-25,Solteiro,M,3,Tablet Plus,Tablets,Tablet,Apple,10460.61
472,2026-02-03,120,Ana Liz Duarte,dantenunes@example.net,2026-01-01,Casado,F,7,Cadeira Gamer,Móveis,Cadeira,DXRacer,4017.42
473,2024-03-30,110,Amanda da Cunha,fogacaemanuella@example.org,2023-06-04,Casado,F,4,Monitor 27 4K,Periféricos,Monitor,LG,2962.92
474,2024-09-29,121,Luiz Fernando Alves,juliana61@example.com,2023-07-13,Viúvo,M,5,Mouse Gamer,Periféricos,Mouse,Logitech,473.73
475,2025-02-11,104,Gael Henrique da Cruz,ferreiralais@example.org,2025-01-19,Divorciado,F,7,Cadeira Gamer,Móveis,Cadeira,DXRacer,2025.93
476,2026-01-30,125,Srta. Maria Vitória Cardoso,antoniomoreira@example.com,2025-08-28,Viúvo,F,7,Cadeira Gamer,Móveis,Cadeira,DXRacer,1657.17
477,2025-07-18,104,Gael Henrique da Cruz,ferreiralais@example.org,2025-01-19,Divorciado,F,1,Notebook Pro 15,Computadores,Notebook,Dell,10206.14
478,2025-10-26,112,Antony Costa,rezendekevin@example.org,2024-01-08,Viúvo,M,4,Monitor 27 4K,Periféricos,Monitor,LG,3226.72
479,2026-02-13,128,Sr. Otávio Camargo,vitoria58@example.net,2025-12-20,Viúvo,F,6,Teclado Mecânico,Periféricos,Teclado,Razer,1507.92
480,2025-06-23,127,Hellena Brito,theocosta@example.com,2024-09-01,Casado,F,6,Teclado Mecânico,Periféricos,Teclado,Razer,1036.08
481,2026-02-04,129,Allana Moreira,brendamarques@example.net,2023-12-21,Viúvo,M,7,Cadeira Gamer,Móveis,Cadeira,DXRacer,6197.01
482,2026-01-01,123,Pedro Miguel Câmara,alicia44@example.org,2025-12-17,Casado,M,8,Headset Pro,Áudio,Headset,HyperX,1215.96
483,2024-09-04,130,Agatha Cavalcante,camargofernanda@example.net,2023-07-18,Divorciado,M,7,Cadeira Gamer,Móveis,Cadeira,DXRacer,1988.47
484,2025-12-01,124,Maitê Viana,vianajulia@example.org,2024-08-21,Viúvo,M,5,Mouse Gamer,Periféricos,Mouse,Logitech,146.5
485,2025-11-28,121,Luiz Fernando Alves,juliana61@example.com,2023-07-13,Viúvo,M,8,Headset Pro,Áudio,Headset,HyperX,1101.21
486,2026-02-25,122,Josué Moraes,mendesana-cecilia@example.org,2025-05-31,Divorciado,M,10,Impressora Laser,Impressoras,Laser,HP,2516.82
487,2025-06-26,117,Srta. Maitê Barbosa,vieiratheo@example.com,2024-07-09,Viúvo,F,3,Tablet Plus,Tablets,Tablet,Apple,11779.77
488,2024-09-24,119,Dante Jesus,lizmartins@example.net,2023-10-04,Casado,M,4,Monitor 27 4K,Periféricos,Monitor,LG,1405.86
489,2024-11-06,113,Emanuel Camargo,kevin95@example.net,2024-05-29,Viúvo,F,6,Teclado Mecânico,Periféricos,Teclado,Razer,1404.15
490,2025-11-26,112,Antony Costa,rezendekevin@example.org,2024-01-08,Viúvo,M,4,Monitor 27 4K,Periféricos,Monitor,LG,3245.04
491,2023-09-08,110,Amanda da Cunha,fogacaemanuella@example.org,2023-06-04,Casado,F,3,Tablet Plus,Tablets,Tablet,Apple,8727.02
492,2025-02-15,114,Mariana Azevedo,lopesana-carolina@example.net,2025-01-03,Solteiro,M,10,Impressora Laser,Impressoras,Laser,HP,3143.34
493,2024-10-29,130,Agatha Cavalcante,camargofernanda@example.net,2023-07-18,Divorciado,M,8,Headset Pro,Áudio,Headset,HyperX,356.52
494,2024-07-10,113,Emanuel Camargo,kevin95@example.net,2024-05-29,Viúvo,F,9,SSD 1TB,Armazenamento,SSD,Kingston,1336.34
495,2025-11-06,122,Josué Moraes,mendesana-cecilia@example.org,2025-05-31,Divorciado,M,1,Notebook Pro 15,Computadores,Notebook,Dell,5646.66
496,2024-04-10,121,Luiz Fernando Alves,juliana61@example.com,2023-07-13,Viúvo,M,8,Headset Pro,Áudio,Headset,HyperX,1321.26
497,2024-10-13,110,Amanda da Cunha,fogacaemanuella@example.org,2023-06-04,Casado,F,9,SSD 1TB,Armazenamento,SSD,Kingston,1610.37
498,2025-06-17,121,Luiz Fernando Alves,juliana61@example.com,2023-07-13,Viúvo,M,9,SSD 1TB,Armazenamento,SSD,Kingston,1776.81
499,2025-07-16,115,Enzo Marques,ogomes@example.com,2023-08-10,Casado,F,8,Headset Pro,Áudio,Headset,HyperX,1069.41
500,2025-10-17,101,Murilo Leão,marcelo69@example.org,2024-08-12,Divorciado,F,8,Headset Pro,Áudio,Headset,HyperX,342.41
