id_pedido,data_pedido,id_cliente,nome_cliente,email_cliente,data_cadastro_cliente,estado_civil_cliente,genero_cliente,id_produto,nome_produto,categoria_produto,subcategoria_produto,fabricante_produto,valor_venda,quantidade_venda,custo_produto
1,2024-01-30,127,Thales Nogueira,yteixeira@example.net,2023-03-25,Solteiro,M,4,Monitor 27 4K,Periféricos,Monitor,LG,4703.13,3,1200
2,2024-04-18,102,Dra. Brenda Macedo,maria-sophiabarbosa@example.com,2023-07-27,Casado,F,3,Tablet Plus,Tablets,Tablet,Apple,13057.44,3,3000
3,2024-09-14,125,Luiz Gustavo Machado,anthonyduarte@example.org,2024-03-12,Divorciado,F,3,Tablet Plus,Tablets,Tablet,Apple,7117.14,2,3000
4,2026-01-04,117,Sra. Milena Ribeiro,lucas-gabriel89@example.org,2025-05-20,Casado,M,7,Cadeira Gamer,Móveis,Cadeira,DXRacer,1676.49,1,1500
5,2025-11-27,108,Dr. Yuri Câmara,theonogueira@example.com,2023-08-15,Divorciado,M,9,SSD 1TB,Armazenamento,SSD,Kingston,1258.36,2,450
6,2024-12-08,119,Breno da Cunha,leoalbuquerque@example.net,2024-10-22,Solteiro,F,5,Mouse Gamer,Periféricos,Mouse,Logitech,355.36,2,120
7,2025-05-26,117,Sra. Milena Ribeiro,lucas-gabriel89@example.org,2025-05-20,Casado,M,10,Impressora Laser,Impressoras,Laser,HP,1391.9,1,1100
8,2025-04-09,110,Dra. Evelyn Martins,alexianovais@example.org,2023-04-28,Divorciado,F,2,Smartphone X,Smartphones,Android,Samsung,8463.51,3,2100
9,2025-11-13,106,Oliver Nascimento,calebsiqueira@example.com,2025-10-30,Viúvo,M,5,Mouse Gamer,Periféricos,Mouse,Logitech,293.66,2,120
10,2024-12-24,108,Dr. Yuri Câmara,theonogueira@example.com,2023-08-15,Divorciado,M,8,Headset Pro,Áudio,Headset,HyperX,1080.75,3,300
11,2024-10-09,123,Eloá Pimenta,da-conceicaoraul@example.com,2024-03-06,Solteiro,F,1,Notebook Pro 15,Computadores,Notebook,Dell,10279.6,2,4200
12,2024-12-14,116,João Guilherme Ribeiro,bnovaes@example.com,2024-12-04,Casado,M,6,Teclado Mecânico,Periféricos,Teclado,Razer,1522.92,3,400
13,2025-12-02,111,Ana Beatriz Cavalcante,goncalvesluan@example.com,2025-11-29,Viúvo,M,8,Headset Pro,Áudio,Headset,HyperX,785.44,2,300
14,2026-02-10,103,Cecilia Leão,joao08@example.org,2025-11-15,Viúvo,F,6,Teclado Mecânico,Periféricos,Teclado,Razer,541.22,1,400
15,2026-02-28,105,Noah Brito,sarada-rocha@example.org,2026-02-03,Casado,F,6,Teclado Mecânico,Periféricos,Teclado,Razer,990.1,2,400
16,2024-05-04,104,Gael Albuquerque,antonionunes@example.org,2023-04-27,Divorciado,M,5,Mouse Gamer,Periféricos,Mouse,Logitech,174.65,1,120
17,2024-12-30,122,Mathias Santos,vicente68@example.com,2024-06-28,Solteiro,M,4,Monitor 27 4K,Periféricos,Monitor,LG,1493.13,1,1200
18,2025-03-07,116,João Guilherme Ribeiro,bnovaes@example.com,2024-12-04,Casado,M,8,Headset Pro,Áudio,Headset,HyperX,751.76,2,300
19,2024-12-29,109,Liam Cavalcanti,mendoncajoao-felipe@example.org,2024-08-01,Divorciado,M,9,SSD 1TB,Armazenamento,SSD,Kingston,1183.48,2,450
20,2025-06-27,116,João Guilherme Ribeiro,bnovaes@example.com,2024-12-04,Casado,M,7,Cadeira Gamer,Móveis,Cadeira,DXRacer,3634.76,2,1500
21,2025-08-31,107,Luigi Cardoso,da-cruzdom@example.com,2025-05-28,Casado,M,9,SSD 1TB,Armazenamento,SSD,Kingston,1751.37,3,450
22,2024-04-19,114,Sr. Ravi Santos,melissa81@example.com,2024-02-09,Casado,F,1,Notebook Pro 15,Computadores,Notebook,Dell,17007.03,3,4200
23,2023-09-07,102,Dra. Brenda Macedo,maria-sophiabarbosa@example.com,2023-07-27,Casado,F,5,Mouse Gamer,Periféricos,Mouse,Logitech,134.77,1,120
24,2024-04-25,104,Gael Albuquerque,antonionunes@example.org,2023-04-27,Divorciado,M,2,Smartphone X,Smartphones,Android,Samsung,5310.54,2,2100
25,2026-02-14,111,Ana Beatriz Cavalcante,goncalvesluan@example.com,2025-11-29,Viúvo,M,3,Tablet Plus,Tablets,Tablet,Apple,12312.75,3,3000
26,2024-09-24,125,Luiz Gustavo Machado,anthonyduarte@example.org,2024-03-12,Divorciado,F,7,Cadeira Gamer,Móveis,Cadeira,DXRacer,4399.98,2,1500
27,2025-06-24,102,Dra. Brenda Macedo,maria-sophiabarbosa@example.com,2023-07-27,Casado,F,1,Notebook Pro 15,Computadores,Notebook,Dell,18707.67,3,4200
28,2024-03-19,125,Luiz Gustavo Machado,anthonyduarte@example.org,2024-03-12,Divorciado,F,4,Monitor 27 4K,Periféricos,Monitor,LG,1342.9,1,1200
29,2024-10-18,114,Sr. Ravi Santos,melissa81@example.com,2024-02-09,Casado,F,8,Headset Pro,Áudio,Headset,HyperX,331.05,1,300
30,2025-12-22,114,Sr. Ravi Santos,melissa81@example.com,2024-02-09,Casado,F,4,Monitor 27 4K,Periféricos,Monitor,LG,4526.82,3,1200
31,2025-08-26,125,Luiz Gustavo Machado,anthonyduarte@example.org,2024-03-12,Divorciado,F,5,Mouse Gamer,Periféricos,Mouse,Logitech,264.26,2,120
32,2025-05-18,130,Arthur Miguel Jesus,gdias@example.org,2023-10-28,Viúvo,M,8,Headset Pro,Áudio,Headset,HyperX,691.5,2,300
33,2025-12-26,119,Breno da Cunha,leoalbuquerque@example.net,2024-10-22,Solteiro,F,5,Mouse Gamer,Periféricos,Mouse,Logitech,134.31,1,120
34,2025-11-07,115,Otávio Gomes,lorenzoaragao@example.net,2025-09-11,Viúvo,M,9,SSD 1TB,Armazenamento,SSD,Kingston,1946.25,3,450
35,2025-01-14,110,Dra. Evelyn Martins,alexianovais@example.org,2023-04-28,Divorciado,F,8,Headset Pro,Áudio,Headset,HyperX,1201.62,3,300
36,2024-07-01,122,Mathias Santos,vicente68@example.com,2024-06-28,Solteiro,M,5,Mouse Gamer,Periféricos,Mouse,Logitech,486.33,3,120
37,2025-02-21,109,Liam Cavalcanti,mendoncajoao-felipe@example.org,2024-08-01,Divorciado,M,7,Cadeira Gamer,Móveis,Cadeira,DXRacer,5785.86,3,1500
38,2024-03-19,125,Luiz Gustavo Machado,anthonyduarte@example.org,2024-03-12,Divorciado,F,1,Notebook Pro 15,Computadores,Notebook,Dell,6124.95,1,4200
39,2025-08-05,130,Arthur Miguel Jesus,gdias@example.org,2023-10-28,Viúvo,M,8,Headset Pro,Áudio,Headset,HyperX,1107.66,3,300
40,2026-02-24,119,Breno da Cunha,leoalbuquerque@example.net,2024-10-22,Solteiro,F,2,Smartphone X,Smartphones,Android,Samsung,3136.81,1,2100
41,2025-10-02,115,Otávio Gomes,lorenzoaragao@example.net,2025-09-11,Viúvo,M,10,Impressora Laser,Impressoras,Laser,HP,3217.22,2,1100
42,2026-02-23,115,Otávio Gomes,lorenzoaragao@example.net,2025-09-11,Viúvo,M,3,Tablet Plus,Tablets,Tablet,Apple,8741.44,2,3000
43,2026-02-18,101,João Felipe Moura,josemonteiro@example.org,2025-11-22,Viúvo,F,1,Notebook Pro 15,Computadores,Notebook,Dell,11074.34,2,4200
44,2025-11-12,112,Stella Fernandes,brayancamargo@example.com,2023-05-02,Divorciado,F,3,Tablet Plus,Tablets,Tablet,Apple,4255.49,1,3000
45,2025-11-30,116,João Guilherme Ribeiro,bnovaes@example.com,2024-12-04,Casado,M,5,Mouse Gamer,Periféricos,Mouse,Logitech,333.54,2,120
46,2026-03-02,106,Oliver Nascimento,calebsiqueira@example.com,2025-10-30,Viúvo,M,7,Cadeira Gamer,Móveis,Cadeira,DXRacer,2091.76,1,1500
47,2023-07-07,112,Stella Fernandes,brayancamargo@example.com,2023-05-02,Divorciado,F,10,Impressora Laser,Impressoras,Laser,HP,4575.45,3,1100
48,2024-01-13,102,Dra. Brenda Macedo,maria-sophiabarbosa@example.com,2023-07-27,Casado,F,5,Mouse Gamer,Periféricos,Mouse,Logitech,171.97,1,120
49,2026-02-24,113,Rafael Moraes,da-rosagabrielly@example.com,2026-01-14,Casado,M,6,Teclado Mecânico,Periféricos,Teclado,Razer,1026.9,2,400
50,2026-01-01,103,Cecilia Leão,joao08@example.org,2025-11-15,Viúvo,F,6,Teclado Mecânico,Periféricos,Teclado,Razer,535.12,1,400
51,2026-02-05,105,Noah Brito,sarada-rocha@example.org,2026-02-03,Casado,F,4,Monitor 27 4K,Periféricos,Monitor,LG,5155.56,3,1200
52,2025-10-19,115,Otávio Gomes,lorenzoaragao@example.net,2025-09-11,Viúvo,M,3,Tablet Plus,Tablets,Tablet,Apple,6706.22,2,3000
53,2026-02-25,113,Rafael Moraes,da-rosagabrielly@example.com,2026-01-14,Casado,M,8,Headset Pro,Áudio,Headset,HyperX,1039.05,3,300
54,2025-11-28,121,Maria Clara Andrade,felipemarques@example.net,2023-04-13,Casado,F,5,Mouse Gamer,Periféricos,Mouse,Logitech,478.17,3,120
55,2026-02-25,111,Ana Beatriz Cavalcante,goncalvesluan@example.com,2025-11-29,Viúvo,M,2,Smartphone X,Smartphones,Android,Samsung,4919.0,2,2100
56,2025-09-24,104,Gael Albuquerque,antonionunes@example.org,2023-04-27,Divorciado,M,3,Tablet Plus,Tablets,Tablet,Apple,8733.4,2,3000
57,2025-11-01,112,Stella Fernandes,brayancamargo@example.com,2023-05-02,Divorciado,F,8,Headset Pro,Áudio,Headset,HyperX,1242.09,3,300
58,2025-02-11,119,Breno da Cunha,leoalbuquerque@example.net,2024-10-22,Solteiro,F,5,Mouse Gamer,Periféricos,Mouse,Logitech,170.98,1,120
59,2026-02-03,119,Breno da Cunha,leoalbuquerque@example.net,2024-10-22,Solteiro,F,7,Cadeira Gamer,Móveis,Cadeira,DXRacer,1687.94,1,1500
60,2025-06-15,126,Maria Cavalcanti,das-nevespaulo@example.org,2023-11-27,Viúvo,F,9,SSD 1TB,Armazenamento,SSD,Kingston,1265.96,2,450
61,2025-11-04,110,Dra. Evelyn Martins,alexianovais@example.org,2023-04-28,Divorciado,F,1,Notebook Pro 15,Computadores,Notebook,Dell,5834.32,1,4200
62,2024-12-10,130,Arthur Miguel Jesus,gdias@example.org,2023-10-28,Viúvo,M,2,Smartphone X,Smartphones,Android,Samsung,5419.56,2,2100
63,2025-12-20,106,Oliver Nascimento,calebsiqueira@example.com,2025-10-30,Viúvo,M,7,Cadeira Gamer,Móveis,Cadeira,DXRacer,2033.24,1,1500
64,2025-08-22,107,Luigi Cardoso,da-cruzdom@example.com,2025-05-28,Casado,M,1,Notebook Pro 15,Computadores,Notebook,Dell,5420.77,1,4200
65,2025-12-14,116,João Guilherme Ribeiro,bnovaes@example.com,2024-12-04,Casado,M,5,Mouse Gamer,Periféricos,Mouse,Logitech,172.69,1,120
66,2023-06-20,112,Stella Fernandes,brayancamargo@example.com,2023-05-02,Divorciado,F,9,SSD 1TB,Armazenamento,SSD,Kingston,1272.32,2,450
67,2025-12-08,122,Mathias Santos,vicente68@example.com,2024-06-28,Solteiro,M,8,Headset Pro,Áudio,Headset,HyperX,1161.12,3,300
68,2025-06-19,114,Sr. Ravi Santos,melissa81@example.com,2024-02-09,Casado,F,10,Impressora Laser,Impressoras,Laser,HP,2825.74,2,1100
69,2024-03-22,123,Eloá Pimenta,da-conceicaoraul@example.com,2024-03-06,Solteiro,F,8,Headset Pro,Áudio,Headset,HyperX,393.62,1,300
70,2024-08-06,126,Maria Cavalcanti,das-nevespaulo@example.org,2023-11-27,Viúvo,F,1,Notebook Pro 15,Computadores,Notebook,Dell,12294.74,2,4200
71,2025-09-22,107,Luigi Cardoso,da-cruzdom@example.com,2025-05-28,Casado,M,1,Notebook Pro 15,Computadores,Notebook,Dell,5853.88,1,4200
72,2025-11-27,128,Cauê Ferreira,nogueirasophie@example.net,2025-02-16,Casado,F,7,Cadeira Gamer,Móveis,Cadeira,DXRacer,4041.2,2,1500
73,2025-10-18,118,Milena Silva,nnovais@example.com,2025-05-27,Casado,F,6,Teclado Mecânico,Periféricos,Teclado,Razer,547.23,1,400
74,2024-04-07,121,Maria Clara Andrade,felipemarques@example.net,2023-04-13,Casado,F,5,Mouse Gamer,Periféricos,Mouse,Logitech,305.76,2,120
75,2026-02-28,111,Ana Beatriz Cavalcante,goncalvesluan@example.com,2025-11-29,Viúvo,M,8,Headset Pro,Áudio,Headset,HyperX,757.04,2,300
76,2026-02-22,105,Noah Brito,sarada-rocha@example.org,2026-02-03,Casado,F,3,Tablet Plus,Tablets,Tablet,Apple,4093.78,1,3000
77,2025-07-29,114,Sr. Ravi Santos,melissa81@example.com,2024-02-09,Casado,F,9,SSD 1TB,Armazenamento,SSD,Kingston,1743.39,3,450
78,2026-02-06,113,Rafael Moraes,da-rosagabrielly@example.com,2026-01-14,Casado,M,6,Teclado Mecânico,Periféricos,Teclado,Razer,1340.64,3,400
79,2026-02-21,103,Cecilia Leão,joao08@example.org,2025-11-15,Viúvo,F,3,Tablet Plus,Tablets,Tablet,Apple,6630.44,2,3000
80,2025-07-09,109,Liam Cavalcanti,mendoncajoao-felipe@example.org,2024-08-01,Divorciado,M,1,Notebook Pro 15,Computadores,Notebook,Dell,4853.82,1,4200
81,2026-02-11,103,Cecilia Leão,joao08@example.org,2025-11-15,Viúvo,F,10,Impressora Laser,Impressoras,Laser,HP,2745.78,2,1100
82,2025-02-24,128,Cauê Ferreira,nogueirasophie@example.net,2025-02-16,Casado,F,2,Smartphone X,Smartphones,Android,Samsung,5253.18,2,2100
83,2024-11-22,119,Breno da Cunha,leoalbuquerque@example.net,2024-10-22,Solteiro,F,3,Tablet Plus,Tablets,Tablet,Apple,3649.2,1,3000
84,2025-12-11,111,Ana Beatriz Cavalcante,goncalvesluan@example.com,2025-11-29,Viúvo,M,2,Smartphone X,Smartphones,Android,Samsung,5926.34,2,2100
85,2026-02-06,117,Sra. Milena Ribeiro,lucas-gabriel89@example.org,2025-05-20,Casado,M,10,Impressora Laser,Impressoras,Laser,HP,2812.18,2,1100
86,2026-02-15,105,Noah Brito,sarada-rocha@example.org,2026-02-03,Casado,F,6,Teclado Mecânico,Periféricos,Teclado,Razer,589.25,1,400
87,2024-05-05,102,Dra. Brenda Macedo,maria-sophiabarbosa@example.com,2023-07-27,Casado,F,6,Teclado Mecânico,Periféricos,Teclado,Razer,1099.92,2,400
88,2024-05-26,126,Maria Cavalcanti,das-nevespaulo@example.org,2023-11-27,Viúvo,F,2,Smartphone X,Smartphones,Android,Samsung,5747.88,2,2100
89,2025-06-14,107,Luigi Cardoso,da-cruzdom@example.com,2025-05-28,Casado,M,8,Headset Pro,Áudio,Headset,HyperX,1194.21,3,300
90,2025-12-18,101,João Felipe Moura,josemonteiro@example.org,2025-11-22,Viúvo,F,6,Teclado Mecânico,Periféricos,Teclado,Razer,448.87,1,400
91,2026-01-10,103,Cecilia Leão,joao08@example.org,2025-11-15,Viúvo,F,8,Headset Pro,Áudio,Headset,HyperX,815.54,2,300
92,2026-02-06,123,Eloá Pimenta,da-conceicaoraul@example.com,2024-03-06,Solteiro,F,8,Headset Pro,Áudio,Headset,HyperX,430.62,1,300
93,2025-06-10,117,Sra. Milena Ribeiro,lucas-gabriel89@example.org,2025-05-20,Casado,M,10,Impressora Laser,Impressoras,Laser,HP,3804.6,3,1100
94,2025-12-02,103,Cecilia Leão,joao08@example.org,2025-11-15,Viúvo,F,5,Mouse Gamer,Periféricos,Mouse,Logitech,151.5,1,120
95,2025-11-26,128,Cauê Ferreira,nogueirasophie@example.net,2025-02-16,Casado,F,6,Teclado Mecânico,Periféricos,Teclado,Razer,1504.74,3,400
96,2024-09-12,120,Léo Andrade,caue79@example.com,2024-07-19,Viúvo,F,2,Smartphone X,Smartphones,Android,Samsung,5544.32,2,2100
97,2024-12-22,109,Liam Cavalcanti,mendoncajoao-felipe@example.org,2024-08-01,Divorciado,M,2,Smartphone X,Smartphones,Android,Samsung,7718.79,3,2100
98,2025-08-27,125,Luiz Gustavo Machado,anthonyduarte@example.org,2024-03-12,Divorciado,F,2,Smartphone X,Smartphones,Android,Samsung,2820.13,1,2100
99,2025-08-17,128,Cauê Ferreira,nogueirasophie@example.net,2025-02-16,Casado,F,7,Cadeira Gamer,Móveis,Cadeira,DXRacer,2172.25,1,1500
100,2025-11-15,103,Cecilia Leão,joao08@example.org,2025-11-15,Viúvo,F,9,SSD 1TB,Armazenamento,SSD,Kingston,1334.0,2,450
101,2026-01-10,128,Cauê Ferreira,nogueirasophie@example.net,2025-02-16,Casado,F,6,Teclado Mecânico,Periféricos,Teclado,Razer,479.86,1,400
102,2025-03-29,114,Sr. Ravi Santos,melissa81@example.com,2024-02-09,Casado,F,2,Smartphone X,Smartphones,Android,Samsung,2743.46,1,2100
103,2025-12-11,117,Sra. Milena Ribeiro,lucas-gabriel89@example.org,2025-05-20,Casado,M,4,Monitor 27 4K,Periféricos,Monitor,LG,2956.98,2,1200
104,2026-02-01,102,Dra. Brenda Macedo,maria-sophiabarbosa@example.com,2023-07-27,Casado,F,6,Teclado Mecânico,Periféricos,Teclado,Razer,1678.8,3,400
105,2026-02-21,109,Liam Cavalcanti,mendoncajoao-felipe@example.org,2024-08-01,Divorciado,M,3,Tablet Plus,Tablets,Tablet,Apple,11217.42,3,3000
106,2024-12-22,119,Breno da Cunha,leoalbuquerque@example.net,2024-10-22,Solteiro,F,5,Mouse Gamer,Periféricos,Mouse,Logitech,168.62,1,120
107,2025-10-25,130,Arthur Miguel Jesus,gdias@example.org,2023-10-28,Viúvo,M,7,Cadeira Gamer,Móveis,Cadeira,DXRacer,6258.87,3,1500
108,2025-04-12,120,Léo Andrade,caue79@example.com,2024-07-19,Viúvo,F,1,Notebook Pro 15,Computadores,Notebook,Dell,11445.82,2,4200
109,2025-07-28,118,Milena Silva,nnovais@example.com,2025-05-27,Casado,F,8,Headset Pro,Áudio,Headset,HyperX,1201.38,3,300
110,2024-02-17,127,Thales Nogueira,yteixeira@example.net,2023-03-25,Solteiro,M,4,Monitor 27 4K,Periféricos,Monitor,LG,5061.69,3,1200
111,2025-11-26,103,Cecilia Leão,joao08@example.org,2025-11-15,Viúvo,F,3,Tablet Plus,Tablets,Tablet,Apple,7945.86,2,3000
112,2026-02-18,113,Rafael Moraes,da-rosagabrielly@example.com,2026-01-14,Casado,M,6,Teclado Mecânico,Periféricos,Teclado,Razer,454.25,1,400
113,2025-11-22,103,Cecilia Leão,joao08@example.org,2025-11-15,Viúvo,F,2,Smartphone X,Smartphones,Android,Samsung,2371.6,1,2100
114,2026-01-30,118,Milena Silva,nnovais@example.com,2025-05-27,Casado,F,5,Mouse Gamer,Periféricos,Mouse,Logitech,323.28,2,120
115,2025-06-02,117,Sra. Milena Ribeiro,lucas-gabriel89@example.org,2025-05-20,Casado,M,3,Tablet Plus,Tablets,Tablet,Apple,7194.04,2,3000
116,2026-02-09,113,Rafael Moraes,da-rosagabrielly@example.com,2026-01-14,Casado,M,10,Impressora Laser,Impressoras,Laser,HP,1541.15,1,1100
117,2025-11-15,128,Cauê Ferreira,nogueirasophie@example.net,2025-02-16,Casado,F,5,Mouse Gamer,Periféricos,Mouse,Logitech,498.66,3,120
118,2024-08-12,122,Mathias Santos,vicente68@example.com,2024-06-28,Solteiro,M,9,SSD 1TB,Armazenamento,SSD,Kingston,1800.51,3,450
119,2024-08-07,108,Dr. Yuri Câmara,theonogueira@example.com,2023-08-15,Divorciado,M,7,Cadeira Gamer,Móveis,Cadeira,DXRacer,1990.4,1,1500
120,2025-02-14,116,João Guilherme Ribeiro,bnovaes@example.com,2024-12-04,Casado,M,3,Tablet Plus,Tablets,Tablet,Apple,13294.98,3,3000
121,2025-05-11,120,Léo Andrade,caue79@example.com,2024-07-19,Viúvo,F,9,SSD 1TB,Armazenamento,SSD,Kingston,1101.56,2,450
122,2025-04-07,129,Benício Nunes,catarinasales@example.net,2023-03-16,Solteiro,M,6,Teclado Mecânico,Periféricos,Teclado,Razer,535.91,1,400
123,2024-01-24,121,Maria Clara Andrade,felipemarques@example.net,2023-04-13,Casado,F,3,Tablet Plus,Tablets,Tablet,Apple,3485.41,1,3000
124,2026-02-28,105,Noah Brito,sarada-rocha@example.org,2026-02-03,Casado,F,3,Tablet Plus,Tablets,Tablet,Apple,7738.16,2,3000
125,2026-02-06,102,Dra. Brenda Macedo,maria-sophiabarbosa@example.com,2023-07-27,Casado,F,9,SSD 1TB,Armazenamento,SSD,Kingston,1918.02,3,450
126,2025-06-11,107,Luigi Cardoso,da-cruzdom@example.com,2025-05-28,Casado,M,4,Monitor 27 4K,Periféricos,Monitor,LG,1530.14,1,1200
127,2026-02-17,106,Oliver Nascimento,calebsiqueira@example.com,2025-10-30,Viúvo,M,9,SSD 1TB,Armazenamento,SSD,Kingston,1536.75,3,450
128,2025-12-19,101,João Felipe Moura,josemonteiro@example.org,2025-11-22,Viúvo,F,2,Smartphone X,Smartphones,Android,Samsung,9048.36,3,2100
129,2026-02-03,105,Noah Brito,sarada-rocha@example.org,2026-02-03,Casado,F,10,Impressora Laser,Impressoras,Laser,HP,4108.77,3,1100
130,2025-10-14,124,Maysa Brito,ana-lizsousa@example.net,2025-04-11,Divorciado,M,7,Cadeira Gamer,Móveis,Cadeira,DXRacer,2188.75,1,1500
131,2025-12-25,103,Cecilia Leão,joao08@example.org,2025-11-15,Viúvo,F,3,Tablet Plus,Tablets,Tablet,Apple,12341.94,3,3000
132,2025-11-17,107,Luigi Cardoso,da-cruzdom@example.com,2025-05-28,Casado,M,7,Cadeira Gamer,Móveis,Cadeira,DXRacer,5008.65,3,1500
133,2026-01-03,103,Cecilia Leão,joao08@example.org,2025-11-15,Viúvo,F,7,Cadeira Gamer,Móveis,Cadeira,DXRacer,1743.91,1,1500
134,2026-02-03,105,Noah Brito,sarada-rocha@example.org,2026-02-03,Casado,F,4,Monitor 27 4K,Periféricos,Monitor,LG,2776.34,2,1200
135,2025-01-02,122,Mathias Santos,vicente68@example.com,2024-06-28,Solteiro,M,8,Headset Pro,Áudio,Headset,HyperX,875.06,2,300
136,2026-02-22,108,Dr. Yuri Câmara,theonogueira@example.com,2023-08-15,Divorciado,M,3,Tablet Plus,Tablets,Tablet,Apple,4288.83,1,3000
137,2026-01-03,101,João Felipe Moura,josemonteiro@example.org,2025-11-22,Viúvo,F,3,Tablet Plus,Tablets,Tablet,Apple,8152.22,2,3000
138,2025-10-01,117,Sra. Milena Ribeiro,lucas-gabriel89@example.org,2025-05-20,Casado,M,4,Monitor 27 4K,Periféricos,Monitor,LG,4145.43,3,1200
139,2025-02-16,128,Cauê Ferreira,nogueirasophie@example.net,2025-02-16,Casado,F,2,Smartphone X,Smartphones,Android,Samsung,4774.22,2,2100
140,2026-02-12,106,Oliver Nascimento,calebsiqueira@example.com,2025-10-30,Viúvo,M,10,Impressora Laser,Impressoras,Laser,HP,2722.18,2,1100
141,2025-12-21,106,Oliver Nascimento,calebsiqueira@example.com,2025-10-30,Viúvo,M,8,Headset Pro,Áudio,Headset,HyperX,1142.43,3,300
142,2026-01-24,124,Maysa Brito,ana-lizsousa@example.net,2025-04-11,Divorciado,M,3,Tablet Plus,Tablets,Tablet,Apple,4025.6,1,3000
143,2026-02-11,115,Otávio Gomes,lorenzoaragao@example.net,2025-09-11,Viúvo,M,6,Teclado Mecânico,Periféricos,Teclado,Razer,455.89,1,400
144,2026-02-19,124,Maysa Brito,ana-lizsousa@example.net,2025-04-11,Divorciado,M,8,Headset Pro,Áudio,Headset,HyperX,378.96,1,300
145,2025-12-12,111,Ana Beatriz Cavalcante,goncalvesluan@example.com,2025-11-29,Viúvo,M,8,Headset Pro,Áudio,Headset,HyperX,1348.38,3,300
146,2024-05-02,114,Sr. Ravi Santos,melissa81@example.com,2024-02-09,Casado,F,7,Cadeira Gamer,Móveis,Cadeira,DXRacer,4974.24,3,1500
147,2025-07-20,117,Sra. Milena Ribeiro,lucas-gabriel89@example.org,2025-05-20,Casado,M,5,Mouse Gamer,Periféricos,Mouse,Logitech,351.7,2,120
148,2025-09-25,128,Cauê Ferreira,nogueirasophie@example.net,2025-02-16,Casado,F,7,Cadeira Gamer,Móveis,Cadeira,DXRacer,5663.82,3,1500
149,2024-09-15,112,Stella Fernandes,brayancamargo@example.com,2023-05-02,Divorciado,F,1,Notebook Pro 15,Computadores,Notebook,Dell,16530.12,3,4200
150,2026-01-21,115,Otávio Gomes,lorenzoaragao@example.net,2025-09-11,Viúvo,M,8,Headset Pro,Áudio,Headset,HyperX,444.2,1,300
151,2026-02-14,113,Rafael Moraes,da-rosagabrielly@example.com,2026-01-14,Casado,M,1,Notebook Pro 15,Computadores,Notebook,Dell,9393.68,2,4200
152,2025-12-16,104,Gael Albuquerque,antonionunes@example.org,2023-04-27,Divorciado,M,7,Cadeira Gamer,Móveis,Cadeira,DXRacer,1842.56,1,1500
153,2026-02-16,111,Ana Beatriz Cavalcante,goncalvesluan@example.com,2025-11-29,Viúvo,M,2,Smartphone X,Smartphones,Android,Samsung,5209.72,2,2100
154,2024-04-14,110,Dra. Evelyn Martins,alexianovais@example.org,2023-04-28,Divorciado,F,6,Teclado Mecânico,Periféricos,Teclado,Razer,1709.67,3,400
155,2026-02-26,105,Noah Brito,sarada-rocha@example.org,2026-02-03,Casado,F,7,Cadeira Gamer,Móveis,Cadeira,DXRacer,1903.1,1,1500
156,2026-01-20,127,Thales Nogueira,yteixeira@example.net,2023-03-25,Solteiro,M,10,Impressora Laser,Impressoras,Laser,HP,3268.52,2,1100
157,2024-09-15,112,Stella Fernandes,brayancamargo@example.com,2023-05-02,Divorciado,F,9,SSD 1TB,Armazenamento,SSD,Kingston,1068.04,2,450
158,2024-05-21,112,Stella Fernandes,brayancamargo@example.com,2023-05-02,Divorciado,F,7,Cadeira Gamer,Móveis,Cadeira,DXRacer,2178.22,1,1500
159,2025-11-10,107,Luigi Cardoso,da-cruzdom@example.com,2025-05-28,Casado,M,8,Headset Pro,Áudio,Headset,HyperX,1089.36,3,300
160,2025-05-29,124,Maysa Brito,ana-lizsousa@example.net,2025-04-11,Divorciado,M,6,Teclado Mecânico,Periféricos,Teclado,Razer,1164.6,2,400
161,2025-11-24,103,Cecilia Leão,joao08@example.org,2025-11-15,Viúvo,F,10,Impressora Laser,Impressoras,Laser,HP,1508.16,1,1100
162,2025-02-18,116,João Guilherme Ribeiro,bnovaes@example.com,2024-12-04,Casado,M,6,Teclado Mecânico,Periféricos,Teclado,Razer,545.93,1,400
163,2025-10-03,128,Cauê Ferreira,nogueirasophie@example.net,2025-02-16,Casado,F,7,Cadeira Gamer,Móveis,Cadeira,DXRacer,1899.83,1,1500
164,2026-02-15,101,João Felipe Moura,josemonteiro@example.org,2025-11-22,Viúvo,F,2,Smartphone X,Smartphones,Android,Samsung,4723.66,2,2100
165,2025-07-15,117,Sra. Milena Ribeiro,lucas-gabriel89@example.org,2025-05-20,Casado,M,2,Smartphone X,Smartphones,Android,Samsung,5578.46,2,2100
166,2026-01-24,113,Rafael Moraes,da-rosagabrielly@example.com,2026-01-14,Casado,M,1,Notebook Pro 15,Computadores,Notebook,Dell,18245.19,3,4200
167,2026-02-13,105,Noah Brito,sarada-rocha@example.org,2026-02-03,Casado,F,8,Headset Pro,Áudio,Headset,HyperX,762.62,2,300
168,2025-10-05,110,Dra. Evelyn Martins,alexianovais@example.org,2023-04-28,Divorciado,F,5,Mouse Gamer,Periféricos,Mouse,Logitech,460.02,3,120
169,2026-02-09,118,Milena Silva,nnovais@example.com,2025-05-27,Casado,F,2,Smartphone X,Smartphones,Android,Samsung,5291.0,2,2100
170,2026-02-11,105,Noah Brito,sarada-rocha@example.org,2026-02-03,Casado,F,4,Monitor 27 4K,Periféricos,Monitor,LG,5022.48,3,1200
171,2025-12-04,122,Mathias Santos,vicente68@example.com,2024-06-28,Solteiro,M,4,Monitor 27 4K,Periféricos,Monitor,LG,4365.24,3,1200
172,2025-12-13,101,João Felipe Moura,josemonteiro@example.org,2025-11-22,Viúvo,F,7,Cadeira Gamer,Móveis,Cadeira,DXRacer,4016.1,2,1500
173,2025-04-30,130,Arthur Miguel Jesus,gdias@example.org,2023-10-28,Viúvo,M,6,Teclado Mecânico,Periféricos,Teclado,Razer,521.83,1,400
174,2023-10-29,112,Stella Fernandes,brayancamargo@example.com,2023-05-02,Divorciado,F,6,Teclado Mecânico,Periféricos,Teclado,Razer,1038.22,2,400
175,2026-03-03,105,Noah Brito,sarada-rocha@example.org,2026-02-03,Casado,F,7,Cadeira Gamer,Móveis,Cadeira,DXRacer,2024.41,1,1500
176,2026-03-03,117,Sra. Milena Ribeiro,lucas-gabriel89@example.org,2025-05-20,Casado,M,9,SSD 1TB,Armazenamento,SSD,Kingston,1514.49,3,450
177,2026-02-07,105,Noah Brito,sarada-rocha@example.org,2026-02-03,Casado,F,10,Impressora Laser,Impressoras,Laser,HP,2923.94,2,1100
178,2026-01-08,101,João Felipe Moura,josemonteiro@example.org,2025-11-22,Viúvo,F,9,SSD 1TB,Armazenamento,SSD,Kingston,519.7,1,450
179,2025-01-01,122,Mathias Santos,vicente68@example.com,2024-06-28,Solteiro,M,8,Headset Pro,Áudio,Headset,HyperX,415.74,1,300
180,2026-03-02,106,Oliver Nascimento,calebsiqueira@example.com,2025-10-30,Viúvo,M,2,Smartphone X,Smartphones,Android,Samsung,6938.7,3,2100
181,2025-10-12,109,Liam Cavalcanti,mendoncajoao-felipe@example.org,2024-08-01,Divorciado,M,5,Mouse Gamer,Periféricos,Mouse,Logitech,352.4,2,120
182,2025-12-11,124,Maysa Brito,ana-lizsousa@example.net,2025-04-11,Divorciado,M,4,Monitor 27 4K,Periféricos,Monitor,LG,1770.18,1,1200
183,2026-02-26,111,Ana Beatriz Cavalcante,goncalvesluan@example.com,2025-11-29,Viúvo,M,4,Monitor 27 4K,Periféricos,Monitor,LG,2842.04,2,1200
184,2025-12-04,117,Sra. Milena Ribeiro,lucas-gabriel89@example.org,2025-05-20,Casado,M,3,Tablet Plus,Tablets,Tablet,Apple,10612.23,3,3000
185,2026-02-03,105,Noah Brito,sarada-rocha@example.org,2026-02-03,Casado,F,8,Headset Pro,Áudio,Headset,HyperX,411.52,1,300
186,2024-04-16,102,Dra. Brenda Macedo,maria-sophiabarbosa@example.com,2023-07-27,Casado,F,9,SSD 1TB,Armazenamento,SSD,Kingston,996.8,2,450
187,2024-11-06,114,Sr. Ravi Santos,melissa81@example.com,2024-02-09,Casado,F,7,Cadeira Gamer,Móveis,Cadeira,DXRacer,4435.06,2,1500
188,2025-12-21,120,Léo Andrade,caue79@example.com,2024-07-19,Viúvo,F,10,Impressora Laser,Impressoras,Laser,HP,3822.81,3,1100
189,2023-06-04,121,Maria Clara Andrade,felipemarques@example.net,2023-04-13,Casado,F,1,Notebook Pro 15,Computadores,Notebook,Dell,15104.4,3,4200
190,2025-11-23,122,Mathias Santos,vicente68@example.com,2024-06-28,Solteiro,M,4,Monitor 27 4K,Periféricos,Monitor,LG,1662.27,1,1200
191,2024-10-21,102,Dra. Brenda Macedo,maria-sophiabarbosa@example.com,2023-07-27,Casado,F,10,Impressora Laser,Impressoras,Laser,HP,3656.79,3,1100
192,2025-06-01,121,Maria Clara Andrade,felipemarques@example.net,2023-04-13,Casado,F,7,Cadeira Gamer,Móveis,Cadeira,DXRacer,3652.1,2,1500
193,2025-08-10,117,Sra. Milena Ribeiro,lucas-gabriel89@example.org,2025-05-20,Casado,M,1,Notebook Pro 15,Computadores,Notebook,Dell,14705.37,3,4200
194,2025-03-28,122,Mathias Santos,vicente68@example.com,2024-06-28,Solteiro,M,2,Smartphone X,Smartphones,Android,Samsung,2380.85,1,2100
195,2024-01-16,130,Arthur Miguel Jesus,gdias@example.org,2023-10-28,Viúvo,M,6,Teclado Mecânico,Periféricos,Teclado,Razer,491.19,1,400
196,2026-02-11,101,João Felipe Moura,josemonteiro@example.org,2025-11-22,Viúvo,F,5,Mouse Gamer,Periféricos,Mouse,Logitech,520.32,3,120
197,2025-12-11,110,Dra. Evelyn Martins,alexianovais@example.org,2023-04-28,Divorciado,F,10,Impressora Laser,Impressoras,Laser,HP,1307.5,1,1100
198,2026-02-16,113,Rafael Moraes,da-rosagabrielly@example.com,2026-01-14,Casado,M,2,Smartphone X,Smartphones,Android,Samsung,2884.74,1,2100
199,2024-10-11,123,Eloá Pimenta,da-conceicaoraul@example.com,2024-03-06,Solteiro,F,1,Notebook Pro 15,Computadores,Notebook,Dell,15116.91,3,4200
200,2025-07-29,128,Cauê Ferreira,nogueirasophie@example.net,2025-02-16,Casado,F,5,Mouse Gamer,Periféricos,Mouse,Logitech,269.16,2,120
201,2025-12-03,116,João Guilherme Ribeiro,bnovaes@example.com,2024-12-04,Casado,M,7,Cadeira Gamer,Móveis,Cadeira,DXRacer,6269.67,3,1500
202,2025-12-19,117,Sra. Milena Ribeiro,lucas-gabriel89@example.org,2025-05-20,Casado,M,7,Cadeira Gamer,Móveis,Cadeira,DXRacer,5006.85,3,1500
203,2025-05-26,116,João Guilherme Ribeiro,bnovaes@example.com,2024-12-04,Casado,M,3,Tablet Plus,Tablets,Tablet,Apple,10078.56,3,3000
204,2025-11-19,118,Milena Silva,nnovais@example.com,2025-05-27,Casado,F,7,Cadeira Gamer,Móveis,Cadeira,DXRacer,5838.51,3,1500
205,2025-06-05,119,Breno da Cunha,leoalbuquerque@example.net,2024-10-22,Solteiro,F,8,Headset Pro,Áudio,Headset,HyperX,1317.6,3,300
206,2026-02-16,105,Noah Brito,sarada-rocha@example.org,2026-02-03,Casado,F,4,Monitor 27 4K,Periféricos,Monitor,LG,2658.92,2,1200
207,2026-01-28,113,Rafael Moraes,da-rosagabrielly@example.com,2026-01-14,Casado,M,10,Impressora Laser,Impressoras,Laser,HP,1370.78,1,1100
208,2025-11-29,101,João Felipe Moura,josemonteiro@example.org,2025-11-22,Viúvo,F,10,Impressora Laser,Impressoras,Laser,HP,1332.47,1,1100
209,2025-09-08,110,Dra. Evelyn Martins,alexianovais@example.org,2023-04-28,Divorciado,F,5,Mouse Gamer,Periféricos,Mouse,Logitech,175.61,1,120
210,2026-02-09,113,Rafael Moraes,da-rosagabrielly@example.com,2026-01-14,Casado,M,10,Impressora Laser,Impressoras,Laser,HP,2704.52,2,1100
211,2025-01-04,109,Liam Cavalcanti,mendoncajoao-felipe@example.org,2024-08-01,Divorciado,M,6,Teclado Mecânico,Periféricos,Teclado,Razer,450.67,1,400
212,2026-02-09,113,Rafael Moraes,da-rosagabrielly@example.com,2026-01-14,Casado,M,7,Cadeira Gamer,Móveis,Cadeira,DXRacer,5595.72,3,1500
213,2026-01-05,104,Gael Albuquerque,antonionunes@example.org,2023-04-27,Divorciado,M,6,Teclado Mecânico,Periféricos,Teclado,Razer,1060.8,2,400
214,2026-02-25,113,Rafael Moraes,da-rosagabrielly@example.com,2026-01-14,Casado,M,2,Smartphone X,Smartphones,Android,Samsung,5655.86,2,2100
215,2024-11-16,112,Stella Fernandes,brayancamargo@example.com,2023-05-02,Divorciado,F,3,Tablet Plus,Tablets,Tablet,Apple,10671.75,3,3000
216,2024-04-21,110,Dra. Evelyn Martins,alexianovais@example.org,2023-04-28,Divorciado,F,3,Tablet Plus,Tablets,Tablet,Apple,7630.36,2,3000
217,2026-02-25,113,Rafael Moraes,da-rosagabrielly@example.com,2026-01-14,Casado,M,9,SSD 1TB,Armazenamento,SSD,Kingston,1037.38,2,450
218,2025-03-19,129,Benício Nunes,catarinasales@example.net,2023-03-16,Solteiro,M,10,Impressora Laser,Impressoras,Laser,HP,3282.9,2,1100
219,2025-08-13,120,Léo Andrade,caue79@example.com,2024-07-19,Viúvo,F,3,Tablet Plus,Tablets,Tablet,Apple,4230.08,1,3000
220,2025-12-11,106,Oliver Nascimento,calebsiqueira@example.com,2025-10-30,Viúvo,M,7,Cadeira Gamer,Móveis,Cadeira,DXRacer,6383.85,3,1500
221,2026-02-10,114,Sr. Ravi Santos,melissa81@example.com,2024-02-09,Casado,F,7,Cadeira Gamer,Móveis,Cadeira,DXRacer,2198.57,1,1500
222,2024-08-11,109,Liam Cavalcanti,mendoncajoao-felipe@example.org,2024-08-01,Divorciado,M,1,Notebook Pro 15,Computadores,Notebook,Dell,9293.36,2,4200
223,2025-07-14,124,Maysa Brito,ana-lizsousa@example.net,2025-04-11,Divorciado,M,1,Notebook Pro 15,Computadores,Notebook,Dell,9688.24,2,4200
224,2025-02-24,128,Cauê Ferreira,nogueirasophie@example.net,2025-02-16,Casado,F,8,Headset Pro,Áudio,Headset,HyperX,768.32,2,300
225,2026-02-17,101,João Felipe Moura,josemonteiro@example.org,2025-11-22,Viúvo,F,7,Cadeira Gamer,Móveis,Cadeira,DXRacer,2012.52,1,1500
226,2026-02-15,113,Rafael Moraes,da-rosagabrielly@example.com,2026-01-14,Casado,M,4,Monitor 27 4K,Periféricos,Monitor,LG,1770.05,1,1200
227,2026-02-15,105,Noah Brito,sarada-rocha@example.org,2026-02-03,Casado,F,5,Mouse Gamer,Periféricos,Mouse,Logitech,139.23,1,120
228,2024-11-04,110,Dra. Evelyn Martins,alexianovais@example.org,2023-04-28,Divorciado,F,4,Monitor 27 4K,Periféricos,Monitor,LG,4346.1,3,1200
229,2023-07-17,112,Stella Fernandes,brayancamargo@example.com,2023-05-02,Divorciado,F,8,Headset Pro,Áudio,Headset,HyperX,1258.53,3,300
230,2023-11-11,127,Thales Nogueira,yteixeira@example.net,2023-03-25,Solteiro,M,7,Cadeira Gamer,Móveis,Cadeira,DXRacer,5516.04,3,1500
231,2024-12-06,102,Dra. Brenda Macedo,maria-sophiabarbosa@example.com,2023-07-27,Casado,F,3,Tablet Plus,Tablets,Tablet,Apple,7552.9,2,3000
232,2025-10-05,129,Benício Nunes,catarinasales@example.net,2023-03-16,Solteiro,M,7,Cadeira Gamer,Móveis,Cadeira,DXRacer,4951.56,3,1500
233,2025-11-09,106,Oliver Nascimento,calebsiqueira@example.com,2025-10-30,Viúvo,M,1,Notebook Pro 15,Computadores,Notebook,Dell,16401.69,3,4200
234,2025-10-17,127,Thales Nogueira,yteixeira@example.net,2023-03-25,Solteiro,M,2,Smartphone X,Smartphones,Android,Samsung,5461.26,2,2100
235,2025-09-02,120,Léo Andrade,caue79@example.com,2024-07-19,Viúvo,F,3,Tablet Plus,Tablets,Tablet,Apple,3433.83,1,3000
236,2025-04-07,119,Breno da Cunha,leoalbuquerque@example.net,2024-10-22,Solteiro,F,9,SSD 1TB,Armazenamento,SSD,Kingston,997.2,2,450
237,2025-07-15,119,Breno da Cunha,leoalbuquerque@example.net,2024-10-22,Solteiro,F,2,Smartphone X,Smartphones,Android,Samsung,5913.54,2,2100
238,2025-07-04,114,Sr. Ravi Santos,melissa81@example.com,2024-02-09,Casado,F,10,Impressora Laser,Impressoras,Laser,HP,3151.1,2,1100
239,2026-02-19,105,Noah Brito,sarada-rocha@example.org,2026-02-03,Casado,F,9,SSD 1TB,Armazenamento,SSD,Kingston,1130.56,2,450
240,2023-12-13,110,Dra. Evelyn Martins,alexianovais@example.org,2023-04-28,Divorciado,F,10,Impressora Laser,Impressoras,Laser,HP,1621.63,1,1100
241,2025-06-18,126,Maria Cavalcanti,das-nevespaulo@example.org,2023-11-27,Viúvo,F,10,Impressora Laser,Impressoras,Laser,HP,3788.88,3,1100
242,2023-12-17,130,Arthur Miguel Jesus,gdias@example.org,2023-10-28,Viúvo,M,7,Cadeira Gamer,Móveis,Cadeira,DXRacer,1998.36,1,1500
243,2026-01-26,101,João Felipe Moura,josemonteiro@example.org,2025-11-22,Viúvo,F,6,Teclado Mecânico,Periféricos,Teclado,Razer,483.21,1,400
244,2024-11-01,125,Luiz Gustavo Machado,anthonyduarte@example.org,2024-03-12,Divorciado,F,4,Monitor 27 4K,Periféricos,Monitor,LG,4290.42,3,1200
245,2026-01-13,117,Sra. Milena Ribeiro,lucas-gabriel89@example.org,2025-05-20,Casado,M,7,Cadeira Gamer,Móveis,Cadeira,DXRacer,4210.74,2,1500
246,2025-11-25,128,Cauê Ferreira,nogueirasophie@example.net,2025-02-16,Casado,F,7,Cadeira Gamer,Móveis,Cadeira,DXRacer,6003.39,3,1500
247,2025-07-14,125,Luiz Gustavo Machado,anthonyduarte@example.org,2024-03-12,Divorciado,F,6,Teclado Mecânico,Periféricos,Teclado,Razer,561.45,1,400
248,2024-06-27,102,Dra. Brenda Macedo,maria-sophiabarbosa@example.com,2023-07-27,Casado,F,1,Notebook Pro 15,Computadores,Notebook,Dell,14276.79,3,4200
249,2025-09-16,122,Mathias Santos,vicente68@example.com,2024-06-28,Solteiro,M,9,SSD 1TB,Armazenamento,SSD,Kingston,1136.3,2,450
250,2024-10-12,129,Benício Nunes,catarinasales@example.net,2023-03-16,Solteiro,M,5,Mouse Gamer,Periféricos,Mouse,Logitech,416.43,3,120
251,2024-11-14,123,Eloá Pimenta,da-conceicaoraul@example.com,2024-03-06,Solteiro,F,3,Tablet Plus,Tablets,Tablet,Apple,11523.09,3,3000
252,2026-03-02,111,Ana Beatriz Cavalcante,goncalvesluan@example.com,2025-11-29,Viúvo,M,10,Impressora Laser,Impressoras,Laser,HP,4425.51,3,1100
253,2025-06-04,117,Sra. Milena Ribeiro,lucas-gabriel89@example.org,2025-05-20,Casado,M,2,Smartphone X,Smartphones,Android,Samsung,9383.7,3,2100
254,2025-05-20,116,João Guilherme Ribeiro,bnovaes@example.com,2024-12-04,Casado,M,8,Headset Pro,Áudio,Headset,HyperX,857.78,2,300
255,2024-10-05,122,Mathias Santos,vicente68@example.com,2024-06-28,Solteiro,M,4,Monitor 27 4K,Periféricos,Monitor,LG,1769.87,1,1200
256,2026-03-03,118,Milena Silva,nnovais@example.com,2025-05-27,Casado,F,5,Mouse Gamer,Periféricos,Mouse,Logitech,536.58,3,120
257,2024-08-31,112,Stella Fernandes,brayancamargo@example.com,2023-05-02,Divorciado,F,5,Mouse Gamer,Periféricos,Mouse,Logitech,443.88,3,120
258,2025-12-14,115,Otávio Gomes,lorenzoaragao@example.net,2025-09-11,Viúvo,M,4,Monitor 27 4K,Periféricos,Monitor,LG,1665.79,1,1200
259,2025-07-02,129,Benício Nunes,catarinasales@example.net,2023-03-16,Solteiro,M,3,Tablet Plus,Tablets,Tablet,Apple,10821.57,3,3000
260,2025-02-04,119,Breno da Cunha,leoalbuquerque@example.net,2024-10-22,Solteiro,F,7,Cadeira Gamer,Móveis,Cadeira,DXRacer,5368.65,3,1500
261,2024-03-18,121,Maria Clara Andrade,felipemarques@example.net,2023-04-13,Casado,F,7,Cadeira Gamer,Móveis,Cadeira,DXRacer,1936.39,1,1500
262,2025-05-14,123,Eloá Pimenta,da-conceicaoraul@example.com,2024-03-06,Solteiro,F,1,Notebook Pro 15,Computadores,Notebook,Dell,5995.33,1,4200
263,2026-02-18,105,Noah Brito,sarada-rocha@example.org,2026-02-03,Casado,F,7,Cadeira Gamer,Móveis,Cadeira,DXRacer,1814.94,1,1500
264,2024-09-05,129,Benício Nunes,catarinasales@example.net,2023-03-16,Solteiro,M,4,Monitor 27 4K,Periféricos,Monitor,LG,1422.83,1,1200
265,2025-07-07,120,Léo Andrade,caue79@example.com,2024-07-19,Viúvo,F,5,Mouse Gamer,Periféricos,Mouse,Logitech,295.3,2,120
266,2025-05-12,112,Stella Fernandes,brayancamargo@example.com,2023-05-02,Divorciado,F,3,Tablet Plus,Tablets,Tablet,Apple,10909.05,3,3000
267,2024-05-26,129,Benício Nunes,catarinasales@example.net,2023-03-16,Solteiro,M,2,Smartphone X,Smartphones,Android,Samsung,4990.7,2,2100
268,2026-01-23,129,Benício Nunes,catarinasales@example.net,2023-03-16,Solteiro,M,7,Cadeira Gamer,Móveis,Cadeira,DXRacer,1787.28,1,1500
269,2026-01-24,117,Sra. Milena Ribeiro,lucas-gabriel89@example.org,2025-05-20,Casado,M,2,Smartphone X,Smartphones,Android,Samsung,8435.13,3,2100
270,2025-09-25,115,Otávio Gomes,lorenzoaragao@example.net,2025-09-11,Viúvo,M,5,Mouse Gamer,Periféricos,Mouse,Logitech,534.06,3,120
271,2025-12-14,111,Ana Beatriz Cavalcante,goncalvesluan@example.com,2025-11-29,Viúvo,M,3,Tablet Plus,Tablets,Tablet,Apple,10394.49,3,3000
272,2025-10-17,110,Dra. Evelyn Martins,alexianovais@example.org,2023-04-28,Divorciado,F,10,Impressora Laser,Impressoras,Laser,HP,2738.84,2,1100
273,2026-02-28,128,Cauê Ferreira,nogueirasophie@example.net,2025-02-16,Casado,F,7,Cadeira Gamer,Móveis,Cadeira,DXRacer,5862.15,3,1500
274,2024-04-06,129,Benício Nunes,catarinasales@example.net,2023-03-16,Solteiro,M,6,Teclado Mecânico,Periféricos,Teclado,Razer,1437.48,3,400
275,2025-03-27,102,Dra. Brenda Macedo,maria-sophiabarbosa@example.com,2023-07-27,Casado,F,8,Headset Pro,Áudio,Headset,HyperX,696.16,2,300
276,2025-07-06,112,Stella Fernandes,brayancamargo@example.com,2023-05-02,Divorciado,F,3,Tablet Plus,Tablets,Tablet,Apple,4440.4,1,3000
277,2025-07-09,119,Breno da Cunha,leoalbuquerque@example.net,2024-10-22,Solteiro,F,2,Smartphone X,Smartphones,Android,Samsung,8607.0,3,2100
278,2025-06-13,130,Arthur Miguel Jesus,gdias@example.org,2023-10-28,Viúvo,M,3,Tablet Plus,Tablets,Tablet,Apple,11078.58,3,3000
279,2026-02-06,113,Rafael Moraes,da-rosagabrielly@example.com,2026-01-14,Casado,M,3,Tablet Plus,Tablets,Tablet,Apple,4112.36,1,3000
280,2025-05-05,128,Cauê Ferreira,nogueirasophie@example.net,2025-02-16,Casado,F,1,Notebook Pro 15,Computadores,Notebook,Dell,14284.74,3,4200
281,2025-12-20,103,Cecilia Leão,joao08@example.org,2025-11-15,Viúvo,F,10,Impressora Laser,Impressoras,Laser,HP,1641.64,1,1100
282,2026-02-12,103,Cecilia Leão,joao08@example.org,2025-11-15,Viúvo,F,7,Cadeira Gamer,Móveis,Cadeira,DXRacer,5927.58,3,1500
283,2026-03-01,106,Oliver Nascimento,calebsiqueira@example.com,2025-10-30,Viúvo,M,7,Cadeira Gamer,Móveis,Cadeira,DXRacer,2057.16,1,1500
284,2025-12-05,115,Otávio Gomes,lorenzoaragao@example.net,2025-09-11,Viúvo,M,8,Headset Pro,Áudio,Headset,HyperX,834.34,2,300
285,2025-07-01,129,Benício Nunes,catarinasales@example.net,2023-03-16,Solteiro,M,10,Impressora Laser,Impressoras,Laser,HP,3645.18,3,1100
286,2026-01-22,111,Ana Beatriz Cavalcante,goncalvesluan@example.com,2025-11-29,Viúvo,M,9,SSD 1TB,Armazenamento,SSD,Kingston,1304.52,2,450
287,2026-01-30,113,Rafael Moraes,da-rosagabrielly@example.com,2026-01-14,Casado,M,5,Mouse Gamer,Periféricos,Mouse,Logitech,173.7,1,120
288,2026-03-02,113,Rafael Moraes,da-rosagabrielly@example.com,2026-01-14,Casado,M,3,Tablet Plus,Tablets,Tablet,Apple,4413.19,1,3000
289,2025-04-18,108,Dr. Yuri Câmara,theonogueira@example.com,2023-08-15,Divorciado,M,10,Impressora Laser,Impressoras,Laser,HP,4031.79,3,1100
290,2025-05-04,124,Maysa Brito,ana-lizsousa@example.net,2025-04-11,Divorciado,M,9,SSD 1TB,Armazenamento,SSD,Kingston,1028.34,2,450
291,2024-07-20,122,Mathias Santos,vicente68@example.com,2024-06-28,Solteiro,M,2,Smartphone X,Smartphones,Android,Samsung,2822.72,1,2100
292,2025-01-30,122,Mathias Santos,vicente68@example.com,2024-06-28,Solteiro,M,2,Smartphone X,Smartphones,Android,Samsung,3078.91,1,2100
293,2024-03-24,104,Gael Albuquerque,antonionunes@example.org,2023-04-27,Divorciado,M,7,Cadeira Gamer,Móveis,Cadeira,DXRacer,5308.29,3,1500
294,2025-11-25,101,João Felipe Moura,josemonteiro@example.org,2025-11-22,Viúvo,F,7,Cadeira Gamer,Móveis,Cadeira,DXRacer,4259.78,2,1500
295,2025-03-28,114,Sr. Ravi Santos,melissa81@example.com,2024-02-09,Casado,F,10,Impressora Laser,Impressoras,Laser,HP,2896.82,2,1100
296,2025-09-07,117,Sra. Milena Ribeiro,lucas-gabriel89@example.org,2025-05-20,Casado,M,9,SSD 1TB,Armazenamento,SSD,Kingston,1965.72,3,450
297,2025-04-29,109,Liam Cavalcanti,mendoncajoao-felipe@example.org,2024-08-01,Divorciado,M,1,Notebook Pro 15,Computadores,Notebook,Dell,11304.4,2,4200
298,2025-01-29,116,João Guilherme Ribeiro,bnovaes@example.com,2024-12-04,Casado,M,3,Tablet Plus,Tablets,Tablet,Apple,6779.6,2,3000
299,2025-08-14,118,Milena Silva,nnovais@example.com,2025-05-27,Casado,F,9,SSD 1TB,Armazenamento,SSD,Kingston,584.32,1,450
300,2023-12-22,130,Arthur Miguel Jesus,gdias@example.org,2023-10-28,Viúvo,M,8,Headset Pro,Áudio,Headset,HyperX,749.46,2,300
301,2026-02-11,120,Léo Andrade,caue79@example.com,2024-07-19,Viúvo,F,7,Cadeira Gamer,Móveis,Cadeira,DXRacer,2239.63,1,1500
302,2026-02-06,115,Otávio Gomes,lorenzoaragao@example.net,2025-09-11,Viúvo,M,8,Headset Pro,Áudio,Headset,HyperX,855.24,2,300
303,2026-02-22,124,Maysa Brito,ana-lizsousa@example.net,2025-04-11,Divorciado,M,9,SSD 1TB,Armazenamento,SSD,Kingston,1789.56,3,450
304,2025-04-08,119,Breno da Cunha,leoalbuquerque@example.net,2024-10-22,Solteiro,F,10,Impressora Laser,Impressoras,Laser,HP,2715.84,2,1100
305,2025-07-20,121,Maria Clara Andrade,felipemarques@example.net,2023-04-13,Casado,F,1,Notebook Pro 15,Computadores,Notebook,Dell,9359.68,2,4200
306,2025-04-22,116,João Guilherme Ribeiro,bnovaes@example.com,2024-12-04,Casado,M,10,Impressora Laser,Impressoras,Laser,HP,3998.16,3,1100
307,2026-02-24,105,Noah Brito,sarada-rocha@example.org,2026-02-03,Casado,F,9,SSD 1TB,Armazenamento,SSD,Kingston,1872.48,3,450
308,2025-08-03,120,Léo Andrade,caue79@example.com,2024-07-19,Viúvo,F,1,Notebook Pro 15,Computadores,Notebook,Dell,18181.86,3,4200
309,2023-04-03,127,Thales Nogueira,yteixeira@example.net,2023-03-25,Solteiro,M,1,Notebook Pro 15,Computadores,Notebook,Dell,12123.32,2,4200
310,2025-12-22,127,Thales Nogueira,yteixeira@example.net,2023-03-25,Solteiro,M,3,Tablet Plus,Tablets,Tablet,Apple,7183.26,2,3000
311,2023-11-21,112,Stella Fernandes,brayancamargo@example.com,2023-05-02,Divorciado,F,6,Teclado Mecânico,Periféricos,Teclado,Razer,1375.68,3,400
312,2025-08-06,112,Stella Fernandes,brayancamargo@example.com,2023-05-02,Divorciado,F,4,Monitor 27 4K,Periféricos,Monitor,LG,4361.28,3,1200
313,2024-12-15,109,Liam Cavalcanti,mendoncajoao-felipe@example.org,2024-08-01,Divorciado,M,9,SSD 1TB,Armazenamento,SSD,Kingston,1129.84,2,450
314,2026-01-31,115,Otávio Gomes,lorenzoaragao@example.net,2025-09-11,Viúvo,M,7,Cadeira Gamer,Móveis,Cadeira,DXRacer,3661.94,2,1500
315,2025-09-13,128,Cauê Ferreira,nogueirasophie@example.net,2025-02-16,Casado,F,4,Monitor 27 4K,Periféricos,Monitor,LG,1607.02,1,1200
316,2026-01-28,113,Rafael Moraes,da-rosagabrielly@example.com,2026-01-14,Casado,M,1,Notebook Pro 15,Computadores,Notebook,Dell,11900.4,2,4200
317,2025-05-13,123,Eloá Pimenta,da-conceicaoraul@example.com,2024-03-06,Solteiro,F,2,Smartphone X,Smartphones,Android,Samsung,2746.96,1,2100
318,2026-01-05,118,Milena Silva,nnovais@example.com,2025-05-27,Casado,F,8,Headset Pro,Áudio,Headset,HyperX,1027.62,3,300
319,2024-07-20,130,Arthur Miguel Jesus,gdias@example.org,2023-10-28,Viúvo,M,8,Headset Pro,Áudio,Headset,HyperX,1138.56,3,300
320,2023-04-19,121,Maria Clara Andrade,felipemarques@example.net,2023-04-13,Casado,F,7,Cadeira Gamer,Móveis,Cadeira,DXRacer,6563.58,3,1500
321,2025-10-18,115,Otávio Gomes,lorenzoaragao@example.net,2025-09-11,Viúvo,M,2,Smartphone X,Smartphones,Android,Samsung,5951.42,2,2100
322,2026-02-17,101,João Felipe Moura,josemonteiro@example.org,2025-11-22,Viúvo,F,8,Headset Pro,Áudio,Headset,HyperX,1103.88,3,300
323,2026-02-21,105,Noah Brito,sarada-rocha@example.org,2026-02-03,Casado,F,9,SSD 1TB,Armazenamento,SSD,Kingston,1789.77,3,450
324,2025-02-23,116,João Guilherme Ribeiro,bnovaes@example.com,2024-12-04,Casado,M,7,Cadeira Gamer,Móveis,Cadeira,DXRacer,3595.28,2,1500
325,2025-06-05,126,Maria Cavalcanti,das-nevespaulo@example.org,2023-11-27,Viúvo,F,9,SSD 1TB,Armazenamento,SSD,Kingston,1208.8,2,450
326,2025-07-09,119,Breno da Cunha,leoalbuquerque@example.net,2024-10-22,Solteiro,F,7,Cadeira Gamer,Móveis,Cadeira,DXRacer,6710.46,3,1500
327,2025-02-07,129,Benício Nunes,catarinasales@example.net,2023-03-16,Solteiro,M,2,Smartphone X,Smartphones,Android,Samsung,5714.0,2,2100
328,2024-10-22,109,Liam Cavalcanti,mendoncajoao-felipe@example.org,2024-08-01,Divorciado,M,1,Notebook Pro 15,Computadores,Notebook,Dell,5600.43,1,4200
329,2025-07-28,118,Milena Silva,nnovais@example.com,2025-05-27,Casado,F,4,Monitor 27 4K,Periféricos,Monitor,LG,4098.06,3,1200
330,2025-12-17,111,Ana Beatriz Cavalcante,goncalvesluan@example.com,2025-11-29,Viúvo,M,5,Mouse Gamer,Periféricos,Mouse,Logitech,300.66,2,120
331,2024-02-01,110,Dra. Evelyn Martins,alexianovais@example.org,2023-04-28,Divorciado,F,5,Mouse Gamer,Periféricos,Mouse,Logitech,162.27,1,120
332,2023-10-15,110,Dra. Evelyn Martins,alexianovais@example.org,2023-04-28,Divorciado,F,8,Headset Pro,Áudio,Headset,HyperX,1314.54,3,300
333,2023-08-23,121,Maria Clara Andrade,felipemarques@example.net,2023-04-13,Casado,F,4,Monitor 27 4K,Periféricos,Monitor,LG,1505.27,1,1200
334,2023-10-10,121,Maria Clara Andrade,felipemarques@example.net,2023-04-13,Casado,F,8,Headset Pro,Áudio,Headset,HyperX,337.09,1,300
335,2023-12-26,129,Benício Nunes,catarinasales@example.net,2023-03-16,Solteiro,M,1,Notebook Pro 15,Computadores,Notebook,Dell,12584.66,2,4200
336,2025-03-17,116,João Guilherme Ribeiro,bnovaes@example.com,2024-12-04,Casado,M,10,Impressora Laser,Impressoras,Laser,HP,1294.8,1,1100
337,2025-07-21,129,Benício Nunes,catarinasales@example.net,2023-03-16,Solteiro,M,5,Mouse Gamer,Periféricos,Mouse,Logitech,297.24,2,120
338,2026-02-05,113,Rafael Moraes,da-rosagabrielly@example.com,2026-01-14,Casado,M,6,Teclado Mecânico,Periféricos,Teclado,Razer,481.36,1,400
339,2026-01-30,106,Oliver Nascimento,calebsiqueira@example.com,2025-10-30,Viúvo,M,5,Mouse Gamer,Periféricos,Mouse,Logitech,400.92,3,120
340,2025-05-26,120,Léo Andrade,caue79@example.com,2024-07-19,Viúvo,F,1,Notebook Pro 15,Computadores,Notebook,Dell,16960.02,3,4200
341,2024-12-13,114,Sr. Ravi Santos,melissa81@example.com,2024-02-09,Casado,F,3,Tablet Plus,Tablets,Tablet,Apple,8713.42,2,3000
342,2025-11-13,124,Maysa Brito,ana-lizsousa@example.net,2025-04-11,Divorciado,M,2,Smartphone X,Smartphones,Android,Samsung,9264.12,3,2100
343,2026-02-08,106,Oliver Nascimento,calebsiqueira@example.com,2025-10-30,Viúvo,M,4,Monitor 27 4K,Periféricos,Monitor,LG,2921.22,2,1200
344,2025-09-27,115,Otávio Gomes,lorenzoaragao@example.net,2025-09-11,Viúvo,M,5,Mouse Gamer,Periféricos,Mouse,Logitech,427.98,3,120
345,2025-07-06,125,Luiz Gustavo Machado,anthonyduarte@example.org,2024-03-12,Divorciado,F,9,SSD 1TB,Armazenamento,SSD,Kingston,606.23,1,450
346,2025-08-24,118,Milena Silva,nnovais@example.com,2025-05-27,Casado,F,5,Mouse Gamer,Periféricos,Mouse,Logitech,335.76,2,120
347,2025-02-08,114,Sr. Ravi Santos,melissa81@example.com,2024-02-09,Casado,F,4,Monitor 27 4K,Periféricos,Monitor,LG,1633.81,1,1200
348,2023-08-19,110,Dra. Evelyn Martins,alexianovais@example.org,2023-04-28,Divorciado,F,8,Headset Pro,Áudio,Headset,HyperX,858.88,2,300
349,2025-10-21,125,Luiz Gustavo Machado,anthonyduarte@example.org,2024-03-12,Divorciado,F,1,Notebook Pro 15,Computadores,Notebook,Dell,5390.75,1,4200
350,2026-01-07,124,Maysa Brito,ana-lizsousa@example.net,2025-04-11,Divorciado,M,9,SSD 1TB,Armazenamento,SSD,Kingston,1181.08,2,450
351,2025-06-16,120,Léo Andrade,caue79@example.com,2024-07-19,Viúvo,F,6,Teclado Mecânico,Periféricos,Teclado,Razer,1085.32,2,400
352,2025-03-06,119,Breno da Cunha,leoalbuquerque@example.net,2024-10-22,Solteiro,F,8,Headset Pro,Áudio,Headset,HyperX,363.65,1,300
353,2023-07-15,127,Thales Nogueira,yteixeira@example.net,2023-03-25,Solteiro,M,6,Teclado Mecânico,Periféricos,Teclado,Razer,1368.45,3,400
354,2025-08-19,114,Sr. Ravi Santos,melissa81@example.com,2024-02-09,Casado,F,1,Notebook Pro 15,Computadores,Notebook,Dell,5244.24,1,4200
355,2023-05-26,121,Maria Clara Andrade,felipemarques@example.net,2023-04-13,Casado,F,5,Mouse Gamer,Periféricos,Mouse,Logitech,275.46,2,120
356,2025-01-17,127,Thales Nogueira,yteixeira@example.net,2023-03-25,Solteiro,M,10,Impressora Laser,Impressoras,Laser,HP,1565.18,1,1100
357,2025-11-16,103,Cecilia Leão,joao08@example.org,2025-11-15,Viúvo,F,10,Impressora Laser,Impressoras,Laser,HP,3833.67,3,1100
358,2026-02-12,105,Noah Brito,sarada-rocha@example.org,2026-02-03,Casado,F,9,SSD 1TB,Armazenamento,SSD,Kingston,541.21,1,450
359,2025-06-10,126,Maria Cavalcanti,das-nevespaulo@example.org,2023-11-27,Viúvo,F,3,Tablet Plus,Tablets,Tablet,Apple,7173.54,2,3000
360,2024-11-14,109,Liam Cavalcanti,mendoncajoao-felipe@example.org,2024-08-01,Divorciado,M,6,Teclado Mecânico,Periféricos,Teclado,Razer,445.65,1,400
361,2025-08-03,119,Breno da Cunha,leoalbuquerque@example.net,2024-10-22,Solteiro,F,5,Mouse Gamer,Periféricos,Mouse,Logitech,320.78,2,120
362,2025-12-09,107,Luigi Cardoso,da-cruzdom@example.com,2025-05-28,Casado,M,2,Smartphone X,Smartphones,Android,Samsung,5639.46,2,2100
363,2025-12-30,103,Cecilia Leão,joao08@example.org,2025-11-15,Viúvo,F,9,SSD 1TB,Armazenamento,SSD,Kingston,647.46,1,450
364,2024-12-01,130,Arthur Miguel Jesus,gdias@example.org,2023-10-28,Viúvo,M,9,SSD 1TB,Armazenamento,SSD,Kingston,1545.57,3,450
365,2024-02-15,121,Maria Clara Andrade,felipemarques@example.net,2023-04-13,Casado,F,7,Cadeira Gamer,Móveis,Cadeira,DXRacer,3415.42,2,1500
366,2026-02-15,105,Noah Brito,sarada-rocha@example.org,2026-02-03,Casado,F,6,Teclado Mecânico,Periféricos,Teclado,Razer,1336.53,3,400
367,2025-06-01,117,Sra. Milena Ribeiro,lucas-gabriel89@example.org,2025-05-20,Casado,M,1,Notebook Pro 15,Computadores,Notebook,Dell,9444.54,2,4200
368,2026-01-14,116,João Guilherme Ribeiro,bnovaes@example.com,2024-12-04,Casado,M,4,Monitor 27 4K,Periféricos,Monitor,LG,4018.83,3,1200
369,2025-11-27,101,João Felipe Moura,josemonteiro@example.org,2025-11-22,Viúvo,F,1,Notebook Pro 15,Computadores,Notebook,Dell,12094.0,2,4200
370,2025-08-16,130,Arthur Miguel Jesus,gdias@example.org,2023-10-28,Viúvo,M,5,Mouse Gamer,Periféricos,Mouse,Logitech,530.7,3,120
371,2025-06-26,110,Dra. Evelyn Martins,alexianovais@example.org,2023-04-28,Divorciado,F,7,Cadeira Gamer,Móveis,Cadeira,DXRacer,1865.54,1,1500
372,2025-10-31,106,Oliver Nascimento,calebsiqueira@example.com,2025-10-30,Viúvo,M,5,Mouse Gamer,Periféricos,Mouse,Logitech,330.52,2,120
373,2025-11-21,106,Oliver Nascimento,calebsiqueira@example.com,2025-10-30,Viúvo,M,2,Smartphone X,Smartphones,Android,Samsung,7935.15,3,2100
374,2025-12-07,103,Cecilia Leão,joao08@example.org,2025-11-15,Viúvo,F,4,Monitor 27 4K,Periféricos,Monitor,LG,1602.05,1,1200
375,2026-01-28,113,Rafael Moraes,da-rosagabrielly@example.com,2026-01-14,Casado,M,5,Mouse Gamer,Periféricos,Mouse,Logitech,455.91,3,120
376,2024-12-10,122,Mathias Santos,vicente68@example.com,2024-06-28,Solteiro,M,1,Notebook Pro 15,Computadores,Notebook,Dell,14258.85,3,4200
377,2026-01-08,104,Gael Albuquerque,antonionunes@example.org,2023-04-27,Divorciado,M,1,Notebook Pro 15,Computadores,Notebook,Dell,9262.34,2,4200
378,2024-09-20,104,Gael Albuquerque,antonionunes@example.org,2023-04-27,Divorciado,M,1,Notebook Pro 15,Computadores,Notebook,Dell,9318.5,2,4200
379,2025-12-12,106,Oliver Nascimento,calebsiqueira@example.com,2025-10-30,Viúvo,M,5,Mouse Gamer,Periféricos,Mouse,Logitech,275.94,2,120
380,2024-05-20,110,Dra. Evelyn Martins,alexianovais@example.org,2023-04-28,Divorciado,F,5,Mouse Gamer,Periféricos,Mouse,Logitech,333.06,2,120
381,2026-02-25,105,Noah Brito,sarada-rocha@example.org,2026-02-03,Casado,F,1,Notebook Pro 15,Computadores,Notebook,Dell,15427.68,3,4200
382,2024-09-14,114,Sr. Ravi Santos,melissa81@example.com,2024-02-09,Casado,F,9,SSD 1TB,Armazenamento,SSD,Kingston,1069.64,2,450
383,2025-12-03,103,Cecilia Leão,joao08@example.org,2025-11-15,Viúvo,F,10,Impressora Laser,Impressoras,Laser,HP,4493.04,3,1100
384,2025-06-15,123,Eloá Pimenta,da-conceicaoraul@example.com,2024-03-06,Solteiro,F,3,Tablet Plus,Tablets,Tablet,Apple,12784.92,3,3000
385,2024-09-06,120,Léo Andrade,caue79@example.com,2024-07-19,Viúvo,F,8,Headset Pro,Áudio,Headset,HyperX,427.45,1,300
386,2026-01-03,106,Oliver Nascimento,calebsiqueira@example.com,2025-10-30,Viúvo,M,1,Notebook Pro 15,Computadores,Notebook,Dell,10769.48,2,4200
387,2026-01-04,101,João Felipe Moura,josemonteiro@example.org,2025-11-22,Viúvo,F,7,Cadeira Gamer,Móveis,Cadeira,DXRacer,3614.48,2,1500
388,2023-08-26,102,Dra. Brenda Macedo,maria-sophiabarbosa@example.com,2023-07-27,Casado,F,8,Headset Pro,Áudio,Headset,HyperX,899.6,2,300
389,2026-01-08,106,Oliver Nascimento,calebsiqueira@example.com,2025-10-30,Viúvo,M,5,Mouse Gamer,Periféricos,Mouse,Logitech,149.51,1,120
390,2025-06-12,120,Léo Andrade,caue79@example.com,2024-07-19,Viúvo,F,9,SSD 1TB,Armazenamento,SSD,Kingston,1718.7,3,450
391,2026-02-02,101,João Felipe Moura,josemonteiro@example.org,2025-11-22,Viúvo,F,1,Notebook Pro 15,Computadores,Notebook,Dell,5982.06,1,4200
392,2025-12-14,128,Cauê Ferreira,nogueirasophie@example.net,2025-02-16,Casado,F,3,Tablet Plus,Tablets,Tablet,Apple,7093.52,2,3000
393,2026-02-20,118,Milena Silva,nnovais@example.com,2025-05-27,Casado,F,6,Teclado Mecânico,Periféricos,Teclado,Razer,571.12,1,400
394,2024-12-11,116,João Guilherme Ribeiro,bnovaes@example.com,2024-12-04,Casado,M,8,Headset Pro,Áudio,Headset,HyperX,1309.83,3,300
395,2023-12-08,130,Arthur Miguel Jesus,gdias@example.org,2023-10-28,Viúvo,M,9,SSD 1TB,Armazenamento,SSD,Kingston,533.45,1,450
396,2025-10-15,116,João Guilherme Ribeiro,bnovaes@example.com,2024-12-04,Casado,M,8,Headset Pro,Áudio,Headset,HyperX,749.66,2,300
397,2025-08-19,112,Stella Fernandes,brayancamargo@example.com,2023-05-02,Divorciado,F,10,Impressora Laser,Impressoras,Laser,HP,2435.62,2,1100
398,2025-12-26,126,Maria Cavalcanti,das-nevespaulo@example.org,2023-11-27,Viúvo,F,1,Notebook Pro 15,Computadores,Notebook,Dell,5542.95,1,4200
399,2025-07-13,117,Sra. Milena Ribeiro,lucas-gabriel89@example.org,2025-05-20,Casado,M,10,Impressora Laser,Impressoras,Laser,HP,2575.6,2,1100
400,2025-08-09,123,Eloá Pimenta,da-conceicaoraul@example.com,2024-03-06,Solteiro,F,10,Impressora Laser,Impressoras,Laser,HP,3033.06,2,1100
401,2025-01-30,122,Mathias Santos,vicente68@example.com,2024-06-28,Solteiro,M,8,Headset Pro,Áudio,Headset,HyperX,745.06,2,300
402,2025-11-30,109,Liam Cavalcanti,mendoncajoao-felipe@example.org,2024-08-01,Divorciado,M,4,Monitor 27 4K,Periféricos,Monitor,LG,3043.32,2,1200
403,2025-11-05,130,Arthur Miguel Jesus,gdias@example.org,2023-10-28,Viúvo,M,8,Headset Pro,Áudio,Headset,HyperX,695.98,2,300
404,2026-02-27,102,Dra. Brenda Macedo,maria-sophiabarbosa@example.com,2023-07-27,Casado,F,5,Mouse Gamer,Periféricos,Mouse,Logitech,534.57,3,120
405,2026-02-01,101,João Felipe Moura,josemonteiro@example.org,2025-11-22,Viúvo,F,4,Monitor 27 4K,Periféricos,Monitor,LG,4985.55,3,1200
406,2024-06-05,110,Dra. Evelyn Martins,alexianovais@example.org,2023-04-28,Divorciado,F,9,SSD 1TB,Armazenamento,SSD,Kingston,604.52,1,450
407,2026-02-05,124,Maysa Brito,ana-lizsousa@example.net,2025-04-11,Divorciado,M,6,Teclado Mecânico,Periféricos,Teclado,Razer,1156.88,2,400
408,2026-01-26,117,Sra. Milena Ribeiro,lucas-gabriel89@example.org,2025-05-20,Casado,M,7,Cadeira Gamer,Móveis,Cadeira,DXRacer,1704.89,1,1500
409,2025-06-04,116,João Guilherme Ribeiro,bnovaes@example.com,2024-12-04,Casado,M,2,Smartphone X,Smartphones,Android,Samsung,8308.89,3,2100
410,2025-10-22,130,Arthur Miguel Jesus,gdias@example.org,2023-10-28,Viúvo,M,2,Smartphone X,Smartphones,Android,Samsung,8680.89,3,2100
411,2025-11-06,114,Sr. Ravi Santos,melissa81@example.com,2024-02-09,Casado,F,8,Headset Pro,Áudio,Headset,HyperX,341.89,1,300
412,2025-08-28,102,Dra. Brenda Macedo,maria-sophiabarbosa@example.com,2023-07-27,Casado,F,4,Monitor 27 4K,Periféricos,Monitor,LG,2735.62,2,1200
413,2026-02-27,105,Noah Brito,sarada-rocha@example.org,2026-02-03,Casado,F,10,Impressora Laser,Impressoras,Laser,HP,3916.32,3,1100
414,2025-12-23,103,Cecilia Leão,joao08@example.org,2025-11-15,Viúvo,F,1,Notebook Pro 15,Computadores,Notebook,Dell,4754.69,1,4200
415,2025-09-12,125,Luiz Gustavo Machado,anthonyduarte@example.org,2024-03-12,Divorciado,F,5,Mouse Gamer,Periféricos,Mouse,Logitech,157.29,1,120
416,2025-11-08,115,Otávio Gomes,lorenzoaragao@example.net,2025-09-11,Viúvo,M,7,Cadeira Gamer,Móveis,Cadeira,DXRacer,5431.89,3,1500
417,2026-01-24,101,João Felipe Moura,josemonteiro@example.org,2025-11-22,Viúvo,F,2,Smartphone X,Smartphones,Android,Samsung,2636.54,1,2100
418,2023-09-10,129,Benício Nunes,catarinasales@example.net,2023-03-16,Solteiro,M,2,Smartphone X,Smartphones,Android,Samsung,5457.96,2,2100
419,2025-07-23,119,Breno da Cunha,leoalbuquerque@example.net,2024-10-22,Solteiro,F,2,Smartphone X,Smartphones,Android,Samsung,9243.21,3,2100
420,2025-10-29,107,Luigi Cardoso,da-cruzdom@example.com,2025-05-28,Casado,M,10,Impressora Laser,Impressoras,Laser,HP,1483.05,1,1100
421,2023-07-07,127,Thales Nogueira,yteixeira@example.net,2023-03-25,Solteiro,M,7,Cadeira Gamer,Móveis,Cadeira,DXRacer,1950.51,1,1500
422,2025-02-17,102,Dra. Brenda Macedo,maria-sophiabarbosa@example.com,2023-07-27,Casado,F,8,Headset Pro,Áudio,Headset,HyperX,672.28,2,300
423,2026-01-30,113,Rafael Moraes,da-rosagabrielly@example.com,2026-01-14,Casado,M,7,Cadeira Gamer,Móveis,Cadeira,DXRacer,1683.46,1,1500
424,2025-08-08,121,Maria Clara Andrade,felipemarques@example.net,2023-04-13,Casado,F,6,Teclado Mecânico,Periféricos,Teclado,Razer,995.12,2,400
425,2026-01-08,118,Milena Silva,nnovais@example.com,2025-05-27,Casado,F,5,Mouse Gamer,Periféricos,Mouse,Logitech,472.05,3,120
426,2025-07-23,107,Luigi Cardoso,da-cruzdom@example.com,2025-05-28,Casado,M,2,Smartphone X,Smartphones,Android,Samsung,5148.86,2,2100
427,2024-02-09,121,Maria Clara Andrade,felipemarques@example.net,2023-04-13,Casado,F,2,Smartphone X,Smartphones,Android,Samsung,6027.6,2,2100
428,2026-02-07,105,Noah Brito,sarada-rocha@example.org,2026-02-03,Casado,F,4,Monitor 27 4K,Periféricos,Monitor,LG,3417.44,2,1200
429,2026-01-05,117,Sra. Milena Ribeiro,lucas-gabriel89@example.org,2025-05-20,Casado,M,9,SSD 1TB,Armazenamento,SSD,Kingston,1681.62,3,450
430,2026-01-01,101,João Felipe Moura,josemonteiro@example.org,2025-11-22,Viúvo,F,10,Impressora Laser,Impressoras,Laser,HP,3758.4,3,1100
431,2026-02-20,115,Otávio Gomes,lorenzoaragao@example.net,2025-09-11,Viúvo,M,7,Cadeira Gamer,Móveis,Cadeira,DXRacer,3912.72,2,1500
432,2025-05-12,120,Léo Andrade,caue79@example.com,2024-07-19,Viúvo,F,8,Headset Pro,Áudio,Headset,HyperX,792.48,2,300
433,2025-04-20,124,Maysa Brito,ana-lizsousa@example.net,2025-04-11,Divorciado,M,6,Teclado Mecânico,Periféricos,Teclado,Razer,1432.95,3,400
434,2025-10-20,123,Eloá Pimenta,da-conceicaoraul@example.com,2024-03-06,Solteiro,F,8,Headset Pro,Áudio,Headset,HyperX,371.36,1,300
435,2025-12-11,107,Luigi Cardoso,da-cruzdom@example.com,2025-05-28,Casado,M,7,Cadeira Gamer,Móveis,Cadeira,DXRacer,4265.72,2,1500
436,2025-11-27,114,Sr. Ravi Santos,melissa81@example.com,2024-02-09,Casado,F,9,SSD 1TB,Armazenamento,SSD,Kingston,1835.4,3,450
437,2023-07-04,121,Maria Clara Andrade,felipemarques@example.net,2023-04-13,Casado,F,2,Smartphone X,Smartphones,Android,Samsung,2854.75,1,2100
438,2025-04-13,108,Dr. Yuri Câmara,theonogueira@example.com,2023-08-15,Divorciado,M,6,Teclado Mecânico,Periféricos,Teclado,Razer,1607.52,3,400
439,2025-05-27,116,João Guilherme Ribeiro,bnovaes@example.com,2024-12-04,Casado,M,8,Headset Pro,Áudio,Headset,HyperX,395.61,1,300
440,2025-09-21,118,Milena Silva,nnovais@example.com,2025-05-27,Casado,F,1,Notebook Pro 15,Computadores,Notebook,Dell,5529.59,1,4200
441,2024-10-30,127,Thales Nogueira,yteixeira@example.net,2023-03-25,Solteiro,M,7,Cadeira Gamer,Móveis,Cadeira,DXRacer,6701.04,3,1500
442,2025-11-11,124,Maysa Brito,ana-lizsousa@example.net,2025-04-11,Divorciado,M,7,Cadeira Gamer,Móveis,Cadeira,DXRacer,3687.04,2,1500
443,2026-01-26,113,Rafael Moraes,da-rosagabrielly@example.com,2026-01-14,Casado,M,7,Cadeira Gamer,Móveis,Cadeira,DXRacer,2154.6,1,1500
444,2025-03-24,119,Breno da Cunha,leoalbuquerque@example.net,2024-10-22,Solteiro,F,4,Monitor 27 4K,Periféricos,Monitor,LG,1770.3,1,1200
445,2025-10-19,115,Otávio Gomes,lorenzoaragao@example.net,2025-09-11,Viúvo,M,3,Tablet Plus,Tablets,Tablet,Apple,3907.46,1,3000
446,2025-08-11,129,Benício Nunes,catarinasales@example.net,2023-03-16,Solteiro,M,8,Headset Pro,Áudio,Headset,HyperX,1334.13,3,300
447,2023-12-20,130,Arthur Miguel Jesus,gdias@example.org,2023-10-28,Viúvo,M,7,Cadeira Gamer,Móveis,Cadeira,DXRacer,6546.36,3,1500
448,2024-04-18,130,Arthur Miguel Jesus,gdias@example.org,2023-10-28,Viúvo,M,10,Impressora Laser,Impressoras,Laser,HP,1353.22,1,1100
449,2024-07-12,123,Eloá Pimenta,da-conceicaoraul@example.com,2024-03-06,Solteiro,F,6,Teclado Mecânico,Periféricos,Teclado,Razer,1697.88,3,400
450,2025-06-05,116,João Guilherme Ribeiro,bnovaes@example.com,2024-12-04,Casado,M,5,Mouse Gamer,Periféricos,Mouse,Logitech,303.44,2,120
451,2026-02-13,103,Cecilia Leão,joao08@example.org,2025-11-15,Viúvo,F,7,Cadeira Gamer,Móveis,Cadeira,DXRacer,3597.84,2,1500
452,2026-02-13,105,Noah Brito,sarada-rocha@example.org,2026-02-03,Casado,F,10,Impressora Laser,Impressoras,Laser,HP,3702.12,3,1100
453,2025-03-08,112,Stella Fernandes,brayancamargo@example.com,2023-05-02,Divorciado,F,2,Smartphone X,Smartphones,Android,Samsung,8475.21,3,2100
454,2025-06-25,109,Liam Cavalcanti,mendoncajoao-felipe@example.org,2024-08-01,Divorciado,M,1,Notebook Pro 15,Computadores,Notebook,Dell,10014.64,2,4200
455,2026-02-02,117,Sra. Milena Ribeiro,lucas-gabriel89@example.org,2025-05-20,Casado,M,7,Cadeira Gamer,Móveis,Cadeira,DXRacer,3607.58,2,1500
456,2025-12-21,103,Cecilia Leão,joao08@example.org,2025-11-15,Viúvo,F,1,Notebook Pro 15,Computadores,Notebook,Dell,17013.78,3,4200
457,2025-10-26,115,Otávio Gomes,lorenzoaragao@example.net,2025-09-11,Viúvo,M,10,Impressora Laser,Impressoras,Laser,HP,1514.94,1,1100
458,2024-08-10,129,Benício Nunes,catarinasales@example.net,2023-03-16,Solteiro,M,5,Mouse Gamer,Periféricos,Mouse,Logitech,157.84,1,120
459,2024-06-17,108,Dr. Yuri Câmara,theonogueira@example.com,2023-08-15,Divorciado,M,2,Smartphone X,Smartphones,Android,Samsung,2516.07,1,2100
460,2025-01-14,126,Maria Cavalcanti,das-nevespaulo@example.org,2023-11-27,Viúvo,F,3,Tablet Plus,Tablets,Tablet,Apple,12553.71,3,3000
461,2026-01-17,113,Rafael Moraes,da-rosagabrielly@example.com,2026-01-14,Casado,M,7,Cadeira Gamer,Móveis,Cadeira,DXRacer,6299.1,3,1500
462,2026-01-31,103,Cecilia Leão,joao08@example.org,2025-11-15,Viúvo,F,4,Monitor 27 4K,Periféricos,Monitor,LG,4031.01,3,1200
463,2025-06-15,107,Luigi Cardoso,da-cruzdom@example.com,2025-05-28,Casado,M,8,Headset Pro,Áudio,Headset,HyperX,368.19,1,300
464,2024-07-15,122,Mathias Santos,vicente68@example.com,2024-06-28,Solteiro,M,10,Impressora Laser,Impressoras,Laser,HP,2941.4,2,1100
465,2025-10-21,122,Mathias Santos,vicente68@example.com,2024-06-28,Solteiro,M,8,Headset Pro,Áudio,Headset,HyperX,1229.28,3,300
466,2024-06-27,126,Maria Cavalcanti,das-nevespaulo@example.org,2023-11-27,Viúvo,F,3,Tablet Plus,Tablets,Tablet,Apple,7722.36,2,3000
467,2025-12-08,114,Sr. Ravi Santos,melissa81@example.com,2024-02-09,Casado,F,9,SSD 1TB,Armazenamento,SSD,Kingston,1856.4,3,450
468,2023-06-22,121,Maria Clara Andrade,felipemarques@example.net,2023-04-13,Casado,F,2,Smartphone X,Smartphones,Android,Samsung,5422.36,2,2100
469,2025-09-03,108,Dr. Yuri Câmara,theonogueira@example.com,2023-08-15,Divorciado,M,6,Teclado Mecânico,Periféricos,Teclado,Razer,1419.78,3,400
470,2024-08-30,114,Sr. Ravi Santos,melissa81@example.com,2024-02-09,Casado,F,10,Impressora Laser,Impressoras,Laser,HP,1352.41,1,1100
471,2024-12-04,114,Sr. Ravi Santos,melissa81@example.com,2024-02-09,Casado,F,7,Cadeira Gamer,Móveis,Cadeira,DXRacer,1850.64,1,1500
472,2024-12-27,121,Maria Clara Andrade,felipemarques@example.net,2023-04-13,Casado,F,9,SSD 1TB,Armazenamento,SSD,Kingston,1751.22,3,450
473,2025-08-29,110,Dra. Evelyn Martins,alexianovais@example.org,2023-04-28,Divorciado,F,5,Mouse Gamer,Periféricos,Mouse,Logitech,158.39,1,120
474,2024-03-31,127,Thales Nogueira,yteixeira@example.net,2023-03-25,Solteiro,M,6,Teclado Mecânico,Periféricos,Teclado,Razer,593.62,1,400
475,2025-08-11,130,Arthur Miguel Jesus,gdias@example.org,2023-10-28,Viúvo,M,8,Headset Pro,Áudio,Headset,HyperX,419.91,1,300
476,2024-02-11,102,Dra. Brenda Macedo,maria-sophiabarbosa@example.com,2023-07-27,Casado,F,7,Cadeira Gamer,Móveis,Cadeira,DXRacer,5159.58,3,1500
477,2023-05-13,110,Dra. Evelyn Martins,alexianovais@example.org,2023-04-28,Divorciado,F,7,Cadeira Gamer,Móveis,Cadeira,DXRacer,5539.14,3,1500
478,2024-11-27,104,Gael Albuquerque,antonionunes@example.org,2023-04-27,Divorciado,M,6,Teclado Mecânico,Periféricos,Teclado,Razer,1756.92,3,400
479,2026-02-21,105,Noah Brito,sarada-rocha@example.org,2026-02-03,Casado,F,3,Tablet Plus,Tablets,Tablet,Apple,4411.66,1,3000
480,2025-12-03,101,João Felipe Moura,josemonteiro@example.org,2025-11-22,Viúvo,F,10,Impressora Laser,Impressoras,Laser,HP,4867.98,3,1100
481,2024-07-07,102,Dra. Brenda Macedo,maria-sophiabarbosa@example.com,2023-07-27,Casado,F,5,Mouse Gamer,Periféricos,Mouse,Logitech,160.02,1,120
482,2025-01-08,120,Léo Andrade,caue79@example.com,2024-07-19,Viúvo,F,5,Mouse Gamer,Periféricos,Mouse,Logitech,478.65,3,120
483,2025-09-15,124,Maysa Brito,ana-lizsousa@example.net,2025-04-11,Divorciado,M,4,Monitor 27 4K,Periféricos,Monitor,LG,4532.34,3,1200
484,2025-04-02,110,Dra. Evelyn Martins,alexianovais@example.org,2023-04-28,Divorciado,F,1,Notebook Pro 15,Computadores,Notebook,Dell,5861.16,1,4200
485,2024-12-07,120,Léo Andrade,caue79@example.com,2024-07-19,Viúvo,F,5,Mouse Gamer,Periféricos,Mouse,Logitech,178.16,1,120
486,2024-09-27,112,Stella Fernandes,brayancamargo@example.com,2023-05-02,Divorciado,F,8,Headset Pro,Áudio,Headset,HyperX,725.44,2,300
487,2025-07-20,118,Milena Silva,nnovais@example.com,2025-05-27,Casado,F,4,Monitor 27 4K,Periféricos,Monitor,LG,3127.18,2,1200
488,2024-09-03,104,Gael Albuquerque,antonionunes@example.org,2023-04-27,Divorciado,M,10,Impressora Laser,Impressoras,Laser,HP,3922.11,3,1100
489,2025-07-19,117,Sra. Milena Ribeiro,lucas-gabriel89@example.org,2025-05-20,Casado,M,7,Cadeira Gamer,Móveis,Cadeira,DXRacer,5969.73,3,1500
490,2025-12-16,111,Ana Beatriz Cavalcante,goncalvesluan@example.com,2025-11-29,Viúvo,M,8,Headset Pro,Áudio,Headset,HyperX,361.33,1,300
491,2026-02-15,105,Noah Brito,sarada-rocha@example.org,2026-02-03,Casado,F,1,Notebook Pro 15,Computadores,Notebook,Dell,10619.58,2,4200
492,2025-08-04,120,Léo Andrade,caue79@example.com,2024-07-19,Viúvo,F,4,Monitor 27 4K,Periféricos,Monitor,LG,2666.48,2,1200
493,2025-12-20,111,Ana Beatriz Cavalcante,goncalvesluan@example.com,2025-11-29,Viúvo,M,2,Smartphone X,Smartphones,Android,Samsung,4883.84,2,2100
494,2025-08-27,117,Sra. Milena Ribeiro,lucas-gabriel89@example.org,2025-05-20,Casado,M,2,Smartphone X,Smartphones,Android,Samsung,8148.27,3,2100
495,2025-11-16,106,Oliver Nascimento,calebsiqueira@example.com,2025-10-30,Viúvo,M,7,Cadeira Gamer,Móveis,Cadeira,DXRacer,5055.66,3,1500
496,2025-11-15,106,Oliver Nascimento,calebsiqueira@example.com,2025-10-30,Viúvo,M,9,SSD 1TB,Armazenamento,SSD,Kingston,530.27,1,450
497,2025-08-31,124,Maysa Brito,ana-lizsousa@example.net,2025-04-11,Divorciado,M,5,Mouse Gamer,Periféricos,Mouse,Logitech,281.9,2,120
498,2026-02-25,106,Oliver Nascimento,calebsiqueira@example.com,2025-10-30,Viúvo,M,1,Notebook Pro 15,Computadores,Notebook,Dell,11197.38,2,4200
499,2025-08-31,122,Mathias Santos,vicente68@example.com,2024-06-28,Solteiro,M,6,Teclado Mecânico,Periféricos,Teclado,Razer,575.54,1,400
500,2025-03-29,114,Sr. Ravi Santos,melissa81@example.com,2024-02-09,Casado,F,1,Notebook Pro 15,Computadores,Notebook,Dell,15870.63,3,4200
